x1,x2,x3,x4,x5,x6,x7,x8,x9,x10,x11,x12,x13,x14,x15,x16,x17,x18,x19,x20,x21,x22,x23,x24,x25,x26,x27,x28,x29,x30,x31,x32,x33
0.0004000000000000031,0.000400000000000003,0.0004000000000000031,0.0004000000000000031,0.00039999999999999693,0.0004000000000000031,0.00039999999999999693,0.00039999999999999704,0.000400000000000003,0.00039999999999999693,0.0004000000000000029,0.0004000000000000029,0.00039999999999999693,0.00039999999999999693,0.00039999999999999704,0.00039999999999999715,0.0004000000000000031,0.0004000000000000031,0.00039999999999999704,0.00039999999999999704,0.0004000000000000031,0.0004000000000000031,0.00039999999999999693,0.0004000000000000031,0.00039999999999999704,0.0004,0.000400000000000003,0.00039999999999999704,0.00039999999999999715,0.0004000000000000029,0.0004000000000000031,0.0004000000000000031,0.00039999999999999693
0.0003979785935612231,0.00039775223748557317,0.00039796791308591297,0.0003979786445206093,0.0004020213545680251,0.00039797862228337376,0.0004020217946981005,0.00040224776158279737,0.0003977798064596199,0.000402021354460266,0.00039745912154136613,0.00039745867986175153,0.0004020320869140832,0.00040202135689006765,0.00040224731637527944,0.00040254132013823414,0.0003979691719239761,0.00039797864672001565,0.0004022201927668237,0.00040222019255570305,0.000397978146679092,0.00039796849615494635,0.00040202185331865843,0.0003979782052504808,0.0004022334774729652,0.0003999861066318391,0.00039777865292717185,0.0004022335324862063,0.000402532078477016,0.0003974679215229374,0.0003979678928896851,0.0003979691193187865,0.00040202179572965607
0.00038688953147809435,0.0003861885817934307,0.00038685654705243914,0.0003868896887173168,0.0004131103084665143,0.00038688962001819316,0.00041311166827731285,0.00041381141532719894,0.0003862737916990796,0.00041311030813452094,0.00038528524171884597,0.00038528387603572843,0.0004131434529475455,0.0004131103156416565,0.0004138100394099703,0.00041471612396421474,0.0003868604364033843,0.00038688969741549066,0.00041372620605274724,0.000413726205254427,0.0003868881506132203,0.0003868583491131104,0.000413111849379779,0.000386888331563819,0.00041376724964481355,0.00039995704395176057,0.0003862702262603849,0.00041376741967886626,0.00041468753305006623,0.000385312466949748,0.0003868564851280206,0.00038686027389240387,0.00041311167146423206
0.00036486510259568187,0.0003635607842168714,0.0003648039921376332,0.00036486539374399436,0.00043513460103440307,0.00036486526639224325,0.00043513712203562856,0.0004364392104429888,0.00036371882396683103,0.0004351346004205579,0.00036189360512072996,0.0003618910709947889,0.00043519600786233226,0.0004351346143380311,0.0004364366588494899,0.0004381089290050841,0.00036481120253202635,0.00036486541318248326,0.00043628117211176744,0.0004362811703773845,0.0003648625422263895,0.0003648073338657979,0.0004351374577605442,0.00036486287766983815,0.000436357249020721,0.0003999202937645615,0.0003637122108291755,0.00043635756438438635,0.00043805583473075654,0.0003619441652688263,0.0003648038781629998,0.000364810901290562,0.0004351371279435422
0.00033117290813179694,0.00032911257966465645,0.00033107706652629114,0.0003311733647874597,0.0004688266270142527,0.0003311731648690196,0.00046883058506991916,0.0004708874119502683,0.0003293607459525536,0.00046882662605250117,0.00032651793961243535,0.0003265139581774219,0.00046892293347364786,0.0004688266479016826,0.00047088340592021564,0.0004734860418223536,0.00033108838589466204,0.00033117339920988166,0.00047063924818274716,0.0004706392451597749,0.0003311688878763228,0.0003310823133697802,0.0004688311121030609,0.000331169414467682,0.000470758596429951,0.0003998748818317681,0.0003293503610777945,0.0004707590916399017,0.0004734025285247124,0.0003265974714745469,0.0003310768885741691,0.0003310879130249795,0.0004688305943444394
0.0002857168187749656,0.0002826882312015969,0.0002855772960120447,0.0002857174840857578,0.0005142825039625122,0.0002857171926698386,0.0005142882745581305,0.0005173117565785106,0.000283049907829702,0.0005142825025622489,0.00027895790699618067,0.000278952100784473,0.0005144227039878605,0.0005142825344126742,0.0005173059193006968,0.0005210478992151782,0.00028559379618856544,0.0002857175377437847,0.0005169500838858962,0.0005169500792114957,0.0002857109571581206,0.00028558494437231236,0.0005142890428117341,0.00028571172476780774,0.0005171238038324395,0.00039981789223655586,0.0002830347725923746,0.0005171245255559477,0.0005209259345660814,0.00027907406543276227,0.00028557703747822036,0.0002855931069214207,0.0005142882880776083
0.0002286964548242625,0.00022438140467368088,0.0002285000087244364,0.000228697393091352,0.0005713025900503274,0.00022869698205843552,0.0005713107311037598,0.0005756185781116743,0.0002248909174192762,0.0005713025880759803,0.0002192359084557662,0.00021922772184190069,0.0005714999912754278,0.000571302633001174,0.0005756103563455816,0.0005807722781575998,0.000228523281919892,0.00022869747025141345,0.0005751090710295628,0.0005751090643224112,0.0002286881852447336,0.00022851079508823784,0.0005713118147127074,0.00022868926794547968,0.0005753534124916673,0.0003997440529743725,0.0002248695959034956,0.0005753544292401478,0.0005806000150932856,0.0002193999849050507,0.00022849964443339367,0.00022852230972443552,0.0005713107501727724
0.00016034473337023155,0.00015428784979710223,0.00016007189441909805,0.00016034603966373889,0.0006396539368707163,0.00016034546752746417,0.0006396652716070782,0.0006457121263201723,0.00015499468222170007,0.0006396539341213071,0.00014738312340523228,0.0001473717490846412,0.0006399281055807183,0.0006396539966551844,0.0006457007219342222,0.0006526282509146828,0.00016010429101748187,0.000160346144617078,0.0006450053016009734,0.0006450052924539115,0.0001603332200079146,0.00016008690520621065,0.0006396667799329105,0.00016033472706954052,0.0006453436538693475,0.00039964579680531656,0.0001549651060571847,0.0006453450644237112,0.0006523884810619596,0.00014761151893577783,0.00016007138671193615,0.0001601029376503894,0.0006396652981500368
8.08286595192932e-5,7.24616963803005e-5,8.045316127172554e-5,8.083046243422974e-5,0.0007191695051958432,8.08296731420609e-5,0.0007191851457111437,0.0007275382708627416,7.343104186970475e-5,0.0007191695013991294,6.346285718123303e-5,6.344722204434987e-5,0.0007195468387280362,0.0007191695876668369,0.0007275226313352266,0.0007365527779547721,8.049785916482561e-5,8.083059950280899e-5,0.0007265689354374544,0.0007265689234163474,8.081277342821252e-5,8.047386516080217e-5,0.0007191872264903593,8.081485246328547e-5,0.0007270321238388576,0.00039951491015311884,7.339048817553315e-5,0.0007270340583603039,0.0007362226798321038,6.377732016494392e-5,8.045245887015179e-5,8.049599176383716e-5,0.0007191851823276673
-9.69497737093926e-6,-2.101215603315346e-5,-1.0209406876618833e-5,-9.692500158534165e-6,0.0008096924557137437,-9.693583988186873e-6,0.0008097139365367467,0.000821012111445317,-1.9693000631324138e-5,0.0008096924504931505,-3.24129669385969e-5,-3.243431171293592e-5,0.0008102094068763194,0.0008096925689494821,0.0008209908255514564,0.0008324343117118312,-1.0148016214501176e-5,-9.692326603549112e-6,0.0008196929687892217,0.0008196929534216438,-9.716793789158319e-6,-1.0180979904074374e-5,0.0008097167936777388,-9.713939043325527e-6,0.0008203223597494044,0.0003993393765123826,-1.9748174669768546e-5,0.0008203249925622421,0.0008319831982968662,-3.198319830059911e-5,-1.0210375216011499e-5,-1.0150581290570802e-5,0.0008097139868147648
-0.00011110598109614916,-0.00012608782514076815,-0.00011181083009803556,-0.00011110257854661146,0.0009111025175510851,-0.00011110406618897916,0.0009111320028559681,0.0009260877646233875,-0.00012429792855301122,0.0009111025103740839,-0.00013869472320986984,-0.0001387237517789254,0.0009118108300976689,0.0009111026729562155,0.0009260588749028884,0.0009387237517775695,-0.00011172653682024861,-0.00011110236405351468,0.0009242978837928481,0.0009242978645487819,-0.0001111359243623949,-0.00011177180662419705,0.0009111359242101062,-0.00011113200629597281,0.0009251510244863675,0.00039910123211197267,-0.00012437276770265192,0.0009251545971562336,0.000938109850428182,-0.0001381098504327865,-0.00011181216551332302,-0.0001117300593128381,0.0009111320718602634
-0.00022332448274870565,-0.00023643801851382795,-0.00022428982582216333,-0.000223319816399932,0.0010233197328222549,-0.00022332185515240994,0.001023360134325175,0.001036437936358193,-0.00023400896657600133,0.0010233197229704725,-0.00024513157877024304,-0.00024517093967488403,0.001024289825821723,0.0010233199457654954,0.0010363987163317149,0.0010451709396732524,-0.0002241742500179535,-0.00022331955641604137,0.0010340089035163905,0.001034008879787831,-0.0002233655079655229,-0.00022423632233779697,0.001023365507757746,-0.00022336013903871324,0.0010351660521192739,0.0003987790762252447,-0.00023411050281800587,0.0010351709011977267,0.0010443375864738569,-0.00024433758647942407,-0.00022429166510667698,-0.00022417908049704498,0.0010233602288800595
-0.0003462866474636396,-0.00034802597782213155,-0.00034760732661954504,-0.00034628026540082347,0.0011462801511908705,-0.00034628305192557714,0.0011463353468853595,0.001148025866029325,-0.0003447219816328458,0.001146280137704745,-0.0003414952739729075,-0.0003415486279290001,0.0011476073266190252,0.0011462804421855633,0.0011479724960337155,0.001141548627927069,-0.0003474492721310507,-0.00034627995523878657,0.0011447218926092238,0.0011447218636646394,-0.0003463426903302169,-0.0003475341440776068,0.0011463426900474784,-0.00034633535332633485,0.0011462954357719889,0.00039834517860720415,-0.00034486007564841153,0.0011463020328333431,0.0011404159557851822,-0.00034041595579180453,-0.0003476098528173796,-0.00034745587904255667,0.0011463354760983964
-0.0004799356367494116,-0.00045935862131201154,-0.0004817460645463757,-0.0004799269119712129,0.0012799267559634498,-0.00047993071915510493,0.0012800021068237787,0.0012593584687577086,-0.0004548529680751928,0.0012799267375111837,-0.0004263077580552973,-0.0004263803438969411,0.001281746064545771,0.001279927153462898,0.0012592856384769607,0.0012263803438946877,-0.00048152999983138697,-0.0004799265467303792,0.0012548528423064846,0.0012548528072488599,-0.00048001213805731535,-0.00048164596927428583,0.0012800121376726492,-0.0004800021156217298,0.0012569983798234765,0.00039775703793958246,-0.00045504133834599743,0.001257007380097001,0.001224830722166774,-0.00042483072217454294,-0.00048174953187036395,-0.0004815390330587664,0.0012800022833263894
-0.0006242291377322354,-0.0005704856582088177,-0.0006267193807053515,-0.0006242172062155698,0.0014242169930268934,-0.0006242224102011018,0.0014243198526137661,0.0013704854498170437,-0.0005643407461150545,0.001424216967772746,-0.0004995702665044866,-0.0004996693765814283,0.0014267193807046559,0.001424217536233883,0.0013703859668977847,0.001299669376578829,-0.0006264239646311183,-0.0006242167807002344,0.0013643405688821433,0.001364340526609272,-0.0006243335608981358,-0.0006265823970911615,0.0014243335603744305,-0.0006243198646361079,0.0013672662603727397,0.00039695848413279726,-0.0005645979822545126,0.0013672785489376492,0.0012975330410150748,-0.0004975330410240824,-0.0006267241387232167,-0.0006264363170820997,0.0014243200938098355
-0.0007791349484499227,-0.0006814806167194389,-0.0007825589790555834,-0.0007791186784188884,0.001579118387901634,-0.0007791257720376188,0.0015792583485448651,0.0014814803329293567,-0.0006731397378365901,0.0015791183534405553,-0.0005613502364668957,-0.0005614854678491559,0.0015825589790547925,0.0015791191281628056,0.0014813448725531897,0.0013614854678461886,-0.0007821564010728401,-0.0007791181870962336,0.0014731394899553316,0.0014731394391317792,-0.0007792770297522626,-0.0007823720673348089,0.0015792770290409407,-0.000779258364927894,0.0014771097252582238,0.00039588860222907726,-0.0006734899541090292,0.0014771264447716974,0.001358532426528264,-0.0005585324265386022,-0.0007825654835446683,-0.0007821732361317987,0.0015792586772327402
-0.0009446190020292987,-0.0007925120405055535,-0.0009493301564031345,-0.0009445968403184294,0.001744596444826083,-0.0009446065000994336,0.0017447866041578597,0.001592511654562519,-0.0007812478505305903,0.0017445963978570042,-0.00061180806344141,-0.0006119926308588344,0.001749330156402243,0.0017445974526009986,0.0015923274778708695,0.001411992630855477,-0.0009487826526062169,-0.000944596277119774,0.0015812475056631295,0.0015812474445797823,-0.0009448120370738357,-0.0009490755496044103,0.001744812036108263,-0.0009447866264614114,0.0015866072048128597,0.0003944599249149557,-0.0007817240148552279,0.001586629903308929,0.0014078992203074112,-0.0006078992203191707,-0.0009493390266452485,-0.0009488055494665654,0.0017447870516332635
-0.0011206510737273088,-0.0009037535400499236,-0.0011271308781716223,-0.0011206208554657483,0.0019206203164649901,-0.0011206340245723126,0.0019208788404741425,0.0017037530143023778,-0.0008886457944914533,0.0019206202523861053,-0.00065108839725931,-0.0006513407802404541,0.0019271308781706256,0.0019206216899590885,0.0017035022236692981,0.001451340780236685,-0.0011263869588133855,-0.0011206202135361958,0.001688645315481301,0.0016886452418642256,-0.0011209135060232132,-0.0011267842906814607,0.0019209135047105082,-0.001120878870873985,0.0016958301587940508,0.0003925736397705394,-0.000889294269053757,0.0016958609754079293,0.0014456652932430681,-0.0006456652932563401,-0.0011271429593281677,-0.0011264180692132802,0.0019208794503912355
-0.0013072073251507344,-0.0010152895974515858,-0.0013160434861608917,-0.00130716620812276,0.002107165475023906,-0.0013071841247843938,0.002107516147692843,0.0018152888817881063,-0.0009953519849731566,0.002107165387793114,-0.0006792908071780429,-0.0006796353595008009,0.0021160434861597853,0.0021071673431651734,0.001814947684656721,0.0014796353594965991,-0.0013150372062301764,-0.0013071654797314717,0.0017953513223085162,0.0017953512332390296,-0.0013075633054939124,-0.0013155737949913679,0.002107563303712091,-0.001307516189047953,0.0018048265830965249,0.0003901951117221998,-0.0009962344310392173,0.0018048683139228355,0.0014718425407989559,-0.000671842540813831,-0.0013160598617468497,-0.0013150792841038661,0.002107516977415857
-0.0015042612989033931,-0.001127190312188768,-0.0015161149661655944,-0.0015042054380903641,0.002304204442452277,-0.0015042297769584268,0.0023046794010405476,0.0019271893378159375,-0.0011013655955552804,0.0023042043238952147,-0.0006965047178387153,-0.0006969745937011166,0.0023161149661643735,0.0023042069796507594,0.001926725083143278,0.0014969745936964614,-0.0015147597952390986,-0.0015042046142040198,0.0019013646811998945,0.0019013645727932887,-0.0015047434653243064,-0.0015154813659165678,0.002304743462908241,-0.0015046794572230989,0.001913636659761897,0.0003872872433801401,-0.0011025666084940211,0.0019136930765899262,0.0014864917753268953,-0.0006864917753434648,-0.0015161370597214256,-0.0015148164513833589,0.0023046805282690174
-0.0017117859980499974,-0.0012379954952809532,-0.0017273649591638873,-0.0017117100347132368,0.0025117086811427872,-0.0017117431275637544,0.002512352870168807,0.002037994167215497,-0.001208377649628687,0.002511708519866928,-0.0007027919924001342,-0.0007034339998660492,0.002527364959162549,0.0025117121304512697,0.0020373615575259582,0.001503433999860921,-0.0017255426532126218,-0.0017117091043227903,0.0020083763897297945,0.0020083762567507657,-0.0017124400017046054,-0.0017265118031144012,0.002512439998423925,-0.0017123529465839376,0.0020222821336144618,0.0003854340271893519,-0.0012100137225629541,0.002022358485828003,0.0014896331925420183,-0.0006896331925603726,-0.0017273947181528084,-0.0017256188206622393,0.002512354403380011
-0.001929758203066831,-0.0013437064232601113,-0.0019434223438559146,-0.0019296549662630644,0.0027296531270944156,-0.0019296999289277752,0.0027305271927456397,0.0021437046188341525,-0.0013207586534950376,0.002729652907855339,-0.0006981858127180446,-0.0006990636774068641,0.0027434223438544546,0.0027296578137225224,0.0021428443924556726,0.0014990636774012433,-0.001940969061206494,-0.0019296539159867003,0.0021207569273305653,0.002120756763134996,-0.0019306456457697386,-0.0019422724733197344,0.002730645641315888,-0.0019305272966362288,0.002130767654731944,0.00038884441168127556,-0.001322979285845531,0.0021308709644271397,0.00148745529658094,-0.0006874552966011649,-0.0019434624669094258,-0.0019410715814080829,0.0027305292773279247
-0.002158154711980376,-0.0014380508669817004,-0.0021605113833038873,-0.002158014673967233,0.0029580121795564004,-0.0021580756381996717,0.0029591977223910318,0.0022380484261611423,-0.0014444047329460038,0.002958011882101501,-0.0006827031860469777,-0.0006839034272010411,0.002960511383302302,0.0029580185355285605,0.0022368815970828172,0.0014839034271949085,-0.002157198390783934,-0.0021580134873315075,0.002244402383808025,0.002244402179894061,-0.0021593584733928103,-0.002158956872286293,0.0029593584673555727,-0.002159197863389857,0.0022390858148978263,0.0004036381966425896,-0.0014474032179914822,0.002239225415626164,0.0014842318164754562,-0.0006842318164976403,-0.00216056564016215,-0.002157336829042585,0.0029592005517522528
-0.002396949593592444,-0.0015210842280125416,-0.0023772716424377617,-0.00239675958474103,0.00319675620056511,-0.0023968422437744877,0.0031983683717261764,0.002321080923695901,-0.0015792269485940447,0.0031967557969057683,-0.0006563420013627433,-0.0006579879426179842,0.0031772716424360472,0.003196764822890072,0.002319492089000295,0.0014579879426113208,-0.002372782655142965,-0.002396758240487044,0.00237922375439473,0.0023792234988586542,-0.002398586593050757,-0.0023751627178525856,0.003198586584863231,-0.0023983685631495453,0.0023472116359369846,0.00042974224738543743,-0.0015832752167541213,0.002347400446816353,0.0014816233142725852,-0.0006816233142968176,-0.002377345263441909,-0.0023729702895641533,0.003198372213322129
-0.0026461190207443743,-0.001592864377493912,-0.002593759094291666,-0.0026458609387433507,0.003445856342393766,-0.0026459730846928407,0.0034480576591296133,0.0023928598882109148,-0.0017251779978878009,0.003445855794069449,-0.0006190748937461384,-0.0006213421080646605,0.0033937590942898195,0.003445868051394552,0.002390680195425464,0.001421342108057448,-0.0025876710676321956,-0.0026458594091226615,0.002525173644840834,0.002525173321007908,-0.0026483541491067798,-0.0025908947836569382,0.0034483541379919146,-0.002648057919231568,0.0024551013812208287,0.00046710346373574063,-0.0017306545692666205,0.0024553572236623166,0.0014796719701189271,-0.0006796719701452976,-0.0025938591567596665,-0.0025879258620166105,0.003448062879731484
-0.0029056427771077115,-0.0016534931105561363,-0.002810057924229718,-0.002905292947762339,0.0037052867175538327,-0.0029054447298259584,0.0037082942514659076,0.0024534870076681797,-0.0018821470883138016,0.0037052859742803907,-0.0005708600223833353,-0.0005739843424560165,0.0036100579242277367,0.003705302585677809,0.002450485694034219,0.0013739843424482377,-0.0028018331513747713,-0.0029052911976922965,0.0026821411587525544,0.002682140744545645,-0.0029086960746028357,-0.002806182339091689,0.003708696059549424,-0.0029082946039980517,0.002562703180541296,0.0005156148447739902,-0.001889545643601551,0.0025630494812701895,0.0014784191312140543,-0.0006784191312426508,-0.0028101936033098677,-0.0028021783838621324,0.0037083013284557207
-0.003175497917227076,-0.0017030953978997199,-0.003026345935478154,-0.003175023899754029,0.0039750154578112595,-0.003175229153401279,0.003979131454939774,0.0025030870838932207,-0.002049993308223113,0.003975014450710406,-0.0005116226772222403,-0.0005159335166212496,0.0038263459354760353,0.0039750369539796535,0.0024989373733951725,0.0013159335166128868,-0.0030152827154041506,-0.00317502188260883,0.002849985221183624,0.0028499846860351764,-0.0031796753177309924,-0.0030211262182137984,0.003979675297367301,-0.003179131932108213,0.0026699380858258657,0.0005751426154543306,-0.002059971621927356,0.0026704072541393563,0.001477866431844946,-0.000677866431875858,-0.0030265297740917512,-0.0030157501771899044,0.003979141035842685
-0.0034556643099139064,-0.0017417689901761174,-0.003242799429455608,-0.003455020948231862,0.004255009490203725,-0.003455298823172572,0.00426064661340554,0.0025417576227045433,-0.0022285980525482574,0.004255008123440047,-0.0004412605187335355,-0.0004472058380111526,0.0040427994294533484,0.004255038658099779,0.0025360123906654247,0.0012472058380021884,-0.0032280119456571253,-0.0034550186006375018,0.003028586991001611,0.0030285862920675314,-0.0034613825186644485,-0.003235821394564107,0.004261382491120941,-0.0034606472590615537,0.0027767124168916538,0.0006455778803159758,-0.0022419961055234823,0.0027773503905097487,0.0014780335905596306,-0.0006780335905929458,-0.0032430490798542925,-0.0032286462981008213,0.004260659580076748
-0.0037461278013614686,-0.0017695767706594134,-0.003459499347824588,-0.0037452558746008356,0.004545240345723202,-0.003745631391493168,0.004552900633616605,0.002569561236706139,-0.0024178798561914237,0.004545238493644632,-0.0003596917756254001,-0.0003678139840634751,0.004259499347822187,0.0045452798647573935,0.0025616782013153064,0.0011678139840538935,-0.0034400430384713123,-0.0037452531146503496,0.0032178647426241045,0.0032178638235034886,-0.0037538925856709397,-0.0034503377721717583,0.00455389254855329,-0.003752901503861689,0.002882991104662112,0.0007268479252515982,-0.002435624594422649,0.002883859220658502,0.0014788993165276518,-0.0006788993165634586,-0.003459838319833912,-0.0034409036361700853,0.004552918114307352
-0.004046875859159099,-0.0017865735568348264,-0.0036764956332986003,-0.004045695352815478,0.004845674328245951,-0.004046202226029874,0.004855920268077143,0.002586552343273999,-0.0026177620724797115,0.004845671821105846,-0.00026688405768476403,-0.0002777721354404649,0.004476495633296055,0.004845727817999668,0.0025759505682046236,0.0010777721354302493,-0.0036513655012162137,-0.004045692071185836,0.0034177414449231276,0.003417740229183,-0.004057252203520751,-0.0036647442629474296,0.004857252153686929,-0.004055921436440299,0.0029887230347659596,0.0008188864370183546,-0.0026408050413892245,0.0029899056598223497,0.0014804484429445544,-0.0006804484429829406,-0.003676956265569152,-0.0036525337277768955,0.0048559437414172355
-0.0043579034199363285,-0.0017927985013322515,-0.0038924180912126597,-0.0043563030436470215,0.005156274541994961,-0.004356988221481164,0.005169665930179679,0.002592769492772664,-0.0028281820622114624,0.005156271143596313,-0.00016281672437024264,-0.00017709507833046863,0.004692418091209969,0.005156347039063976,0.002578813519934038,0.0009770950783196035,-0.0038637189698521573,-0.004356299089683146,0.0036281538811289665,0.0036281522621530566,-0.004371452453576836,-0.0038791017635697077,0.005171452386734595,-0.004369667497044301,0.0030955582718110285,0.0009216419029629127,-0.0028561205422275547,0.0030971717330020286,0.0014810534595644754,-0.0006810534596055301,-0.003893045430046976,-0.0038653067689227603,0.00516969741482827
-0.004679215065616114,-0.0017882764974696665,-0.004103479482476766,-0.004677046275850992,0.0054770076524640575,-0.0046779728140615325,0.005487698755502976,0.0025882368598298786,-0.0030490941703657406,0.005477003047178338,-5.380740554859943e-5,-6.579595651572004e-5,0.004903479482473928,0.005477105887646063,0.0025764344316746377,0.0008657959565041898,-0.004081555163840132,-0.0046770414494738816,0.0038490557081066086,0.0038490535431768957,-0.00469009898519556,-0.004093459621869303,0.005490098895384899,-0.004687700860359734,0.0032078373972198597,0.001035078455042405,-0.003071493161837232,0.0032100310574694267,0.0014764724637316652,-0.0006764724637754818,-0.004104332786397355,-0.004083705865244433,0.0054877410577913645
-0.0050108253005663825,-0.00177302712499144,-0.004303291550038952,-0.005007891464006719,0.0058078392158782905,-0.0050091437638136605,0.005806446479090421,0.0025729730924932627,-0.00328045804440746,0.005807832984926858,5.607758338748315e-5,5.611144107288516e-5,0.005103291550035965,0.00580797212063878,0.002573070475216359,0.0007438885589149044,-0.004310464331828134,-0.005007885500934546,0.004080405682639463,0.004080402782108181,-0.005009682763025687,-0.0043078672132978,0.005809682641909835,-0.005006449317120516,0.0033314352640104253,0.0011591654488666298,-0.003276853496556508,0.0033344023201215167,0.0014605653277018286,-0.0006605653277484953,-0.004304450271168947,-0.004313362750254105,0.005806503527609611
-0.00535276834969795,-0.0017470675761064927,-0.004491841615274527,-0.005348799661823413,0.0061487289688769865,-0.005350496050611523,0.006124578962560041,0.0025469939496310656,-0.003522232904923022,0.006148720534364443,0.00016528930679633654,0.0001886108206239509,0.0052918416152713905,0.006148908870803174,0.0025703656915920807,0.000611389179363144,-0.004550330505640805,-0.005348792198687922,0.004322161657841856,0.00432215775956248,-0.005328958815346606,-0.004522385542681694,0.0061289586513464,-0.005324582804688666,0.0034662478390782244,0.0012938729588753267,-0.003470812104499701,0.0034702601766877675,0.0014333897183539434,-0.0006333897184035472,-0.004493422275329789,-0.0045542364835351986,0.006124656213097421
-0.005705102078569851,-0.001710410821617374,-0.004669128524359806,-0.005699733345810604,0.006499637622231731,-0.0057020397190760555,0.006442032582206069,0.0025103104717616566,-0.0037743837432028197,0.0064996261912272256,0.0002737917380533193,0.00033168587885384394,0.005469128524356518,0.006499881441544587,0.002568350233881842,0.0004683141211325417,-0.004801105585667694,-0.005699723885226546,0.004574286789292358,0.004574281532941709,-0.00564796724422939,-0.004737083723831796,0.006447967021657167,-0.005642037794742681,0.003612218225927528,0.0014391758256327226,-0.0036533625301374975,0.003617654403235256,0.0013949887325439563,-0.0005949887325965833,-0.0046713021302653025,-0.0048063804527751575,0.006442137410683466
-0.0060678956804254445,-0.0016630671268152545,-0.004835178576074566,-0.0060606593666118905,0.006860530048378682,-0.006063796223818117,0.006758776472144469,0.002462930751709823,-0.00403688141587691,0.006860514585458504,0.0003815558452779468,0.00048532162484656645,0.005635178576071127,0.006860859887145067,0.002567057421510898,0.00031467837513909615,-0.0050626722334421075,-0.006060647259954296,0.004836749874039313,0.004836742788408396,-0.005966788590750541,-0.0049520319157920845,0.0067667882892388335,-0.005958783529486172,0.0037692289671689156,0.0015950530776010089,-0.00382456645400525,0.0037765828035089084,0.0013454625114579645,-0.0005454625115137001,-0.004838179272788862,-0.0050697866960200235,0.00675891842411182
-0.006441253624642007,-0.0016050479011745728,-0.00499000313970643,-0.006431537779718466,0.007231363218571304,-0.006435810995765601,0.007074826264203635,0.0024048627902460407,-0.004309692524998098,0.007231342307449026,0.0004885938986925691,0.0006494992042313035,0.005790003139702839,0.007231809322422014,0.002566481875063336,0.00015050079575362253,-0.005334881539051838,-0.00643152214060752,0.005109514296338249,0.005109504735781069,-0.006285597837780056,-0.005167325525638395,0.007085597429427558,-0.006274835813739834,0.0039371328373415315,0.0017614803836435166,-0.003984577972544354,0.003947062409925963,0.0012849384144253736,-0.0004849384144843028,-0.004994162772053858,-0.00534446124026379,0.007075018340218434
-0.006825294140689939,-0.0015363640940245216,-0.0051335624074581926,-0.006812328771190449,0.007612092895935097,-0.0068181565863910205,0.007390176290270501,0.00233611258846102,-0.004592785402121658,0.007612064569128899,0.0005948960375452164,0.0008241985560917951,0.0059335624074544485,0.007612697304254353,0.002566638695166041,-2.4198556107619387e-5,-0.005617607053033221,-0.006812308368647686,0.005392543754292152,0.0053925308202438195,-0.006604568264532374,-0.005383066067142865,0.007404567709976522,-0.006590189240701493,0.004115806563249069,0.0019384337277374678,-0.004133535882267308,0.004129152398533645,0.001213520750361478,-0.000413520750423684,-0.0051393340880517445,-0.005630447824265674,0.007390436654552936
-0.007220048898539611,-0.0014570249429444863,-0.005265810894886088,-0.007202999487907091,0.00800268136344089,-0.007210893553336847,0.007704846186052908,0.002256683877537506,-0.004886134681570528,0.008002643044597649,0.0007004865702029739,0.0010094021044829453,0.006065810894882191,0.008003499146626961,0.00256750371767696,-0.00020940210449953248,-0.005910761863972929,-0.007202972709856838,0.00568580776601459,0.005685790280254749,-0.006923776729952384,-0.005599283594955591,0.0077237759766860155,-0.006904863744265173,0.004305165533579756,0.0021258928582367736,-0.00427153615239414,0.004322855391430792,0.0011312792732342395,-0.0003312792732998046,-0.005273743000502621,-0.0059277342443492,0.007705198839585033
-0.007625475044289023,-0.0013670414414269111,-0.005386758225568972,-0.0076035129444920755,0.008403084468428329,-0.007614062525714769,0.00801881025912691,0.0021665794263929033,-0.005189712529105869,0.008403032681838637,0.0008053699862503509,0.001205088690948194,0.006186758225564925,0.008404189943195634,0.0025690592469830163,-0.00040508869096555746,-0.006214264865988661,-0.007603477615375225,0.005989270922451621,0.005989247293442915,-0.007243256487529107,-0.005815984064148264,0.008043255463299395,-0.007218834079155918,0.004505130113644767,0.002323834033489591,-0.004398665815190032,0.004528116742626652,0.0010382776560583394,-0.00023827765612734528,-0.005397429986971533,-0.0062362460691632775,0.008019287879356402
-0.008040368274659105,-0.001266425737610947,-0.005496356282965868,-0.00801383238520198,0.008813254618529836,-0.008027622646419019,0.00833383200673159,0.002065798678315319,-0.005503492494513514,0.008813184535283647,0.0009112407553974933,0.0014112347817112345,0.006296356282961668,0.008814751010861472,0.0025696758014217124,-0.0006112347817293861,-0.0065280523785523825,-0.008013785480957176,0.006302895232188427,0.006302863246697375,-0.007561751448295088,-0.006031766850261074,0.008361750052890445,-0.007533864361262996,0.004715635121973944,0.0025322314324028317,-0.004514988147172072,0.004743517624852396,0.000934565466881334,-0.0001345654669538615,-0.005510419854712421,-0.006554648108578493,0.008334479239929193
-0.008455259034022507,-0.001155188952943949,-0.005600531914850801,-0.008433928611113875,0.009233149490970349,-0.008445227108106199,0.00865438983121431,0.001954337067374149,-0.005827454827270793,0.00923305466661138,0.0010224711848861394,0.0016278189123740924,0.006400531914846452,0.00923517441971867,0.002565110063337584,-0.0008278189123930447,-0.0068520818598939775,-0.008433866095248599,0.00662664686709855,0.0066266035707685505,-0.007875739418995345,-0.0062428272033521765,0.008675737522066018,-0.007854433623647506,0.004936632920138935,0.002751061730586256,-0.004620542224940283,0.004958978995931469,0.0008201773327641616,-2.0177332840289964e-5,-0.005612725337379656,-0.006873106024017062,0.008655263765686436
-0.00886067744227636,-0.0010333429534772694,-0.005703670643999511,-0.008863775994190255,0.00966272613738369,-0.00886367249578508,0.008985701990998964,0.0018321853863426606,-0.006161583680404969,0.009662598031782078,0.0011449624591531235,0.0018548186588907142,0.006503670643995012,0.009665461565632425,0.002549220843041286,-0.001054818658910479,-0.007186320760138265,-0.00886369251930513,0.006960491276077348,0.0069604327551047,-0.008178806487305582,-0.006442774859139217,0.008978803917570752,-0.008185760957609109,0.005168081248029696,0.0029803006559673915,-0.004715356622192626,0.005164430781514023,0.0006951429633714232,0.00010485703654876892,-0.005704354127032599,-0.007181794003574229,0.008986876717730904
-0.00925541818687847,-0.0009009017864697415,-0.005807480091053888,-0.009303352893137322,0.010101935448292156,-0.00928184303126709,0.009327622746733757,0.001699323726773247,-0.006505869052248376,0.01010176229202081,0.0012786273669769066,0.002092207731788531,0.006607480091049243,0.01010563069150526,0.0025220650859149357,-0.0012922077318091192,-0.007530745765442214,-0.009303241102176374,0.007304388606115969,0.007304309473721408,-0.008470907196269008,-0.0066316188419928744,0.009270903710479127,-0.008527702155573516,0.00540993707697332,0.003219919678837317,-0.004799453014067624,0.005358482972831926,0.0005594915313654207,0.00024050846855101448,-0.005785310122425758,-0.007479404394797904,0.009329204516187468
-0.009639436809256234,-0.0007578793060440629,-0.005911975159970001,-0.009752651494749768,0.010550731064727259,-0.009699762911536697,0.009680099058418297,0.0015557177676864768,-0.006860314811120845,0.010550496729039243,0.0014234194961534172,0.0023399605206914365,0.006711975159965208,0.010555722957831231,0.0024836854271413585,-0.0015399605207128601,-0.00788535225138112,-0.009752501354637585,0.007658300626372213,0.007658193519425865,-0.008752034025612719,-0.00680940240286606,0.009552029280458852,-0.008880206304666006,0.005662162931955431,0.003469890698225748,-0.004872843742591191,0.005541128650023332,0.00041324772746875065,0.0003867522724438515,-0.005855593888435396,-0.007765908536218914,0.009682240770091515
-0.010012763025048508,-0.0006042879984211151,-0.006017187079900528,-0.010211675943590548,0.011009072810324974,-0.010117509116811235,0.01004300348833864,0.0014013244207288379,-0.007224935769509284,0.011008756254282735,0.001579228718801433,0.002598054213198952,0.00681718707989559,0.011015791752490489,0.002434181682345191,-0.0017980542132212216,-0.00825014937148116,-0.010211474455888029,0.008022193639508146,0.008022048979262482,-0.009022198886901221,-0.006976207816086249,0.009822192427228184,-0.00924314835587019,0.005924727143400532,0.0037301883501585625,-0.00493553616093886,0.005712429172029454,0.00025643222571383295,0.0005435677741948611,-0.005915204953856772,-0.008041350580551552,0.010045911796159563
-0.01037551182258675,-0.00044014304255087037,-0.006123112183934853,-0.010680448566471476,0.011476913430126117,-0.010535253976150419,0.010416173579103582,0.0012360723742632837,-0.007599767400427821,0.011476485903192921,0.0017459147245042607,0.0028664611803393457,0.006923112183929772,0.011485920726616396,0.0023736809011855944,-0.002066461180362473,-0.008625167493762012,-0.010680178195056303,0.00839602711312536,0.008395831863923075,-0.009281395029626764,-0.007132137248554602,0.010081386228383643,-0.009616369570582914,0.006197592606498869,0.004000781278841651,-0.004987535718690199,0.005872538340855609,8.906911228922951e-5,0.0007109308876154829,-0.00596414195901565,-0.00830586472261722,0.010420139268873248
-0.010727782732621418,-0.0002654594385719745,-0.006229767184730767,-0.011159016431331525,0.011954207849101487,-0.010953169628730025,0.010799466515321354,0.0010598664491773143,-0.007984868869030862,0.011953629455054458,0.0019233592711439369,0.0031451538532642383,0.007029767184725542,0.011966205626747177,0.002302287167457557,-0.002345153853288233,-0.00901046218618567,-0.011158653428897686,0.008779760706854727,0.008779496871356965,-0.009529565722242412,-0.0072772670181968065,0.010329553716660236,-0.009999732445381236,0.006480722562009065,0.004281636849203602,-0.005028844933127204,0.0060215947543969025,-8.881773834327203e-5,0.0008888177382439307,-0.006002403187463844,-0.00855957114664509,0.01080489117214814
-0.011069639305515872,-8.024926110455888e-5,-0.006337126182681179,-0.011647418301722072,0.012440920584586264,-0.011371332645756321,0.011192780159976034,0.0008726318178868774,-0.008380286850000982,0.012440139127979758,0.002111481044723303,0.0034341095701920293,0.007137126182675819,0.012456659932033952,0.002220070088770916,-0.0026341095702169023,-0.009406077752893281,-0.01164693241344646,0.009173361151654048,0.00917300527415668,-0.009766652789639564,-0.007411643446309312,0.010566636470089338,-0.01039314066782194,0.006774086129927443,0.004572726955092139,-0.005059464837831803,0.006159694264687065,-0.0002772081494792326,0.0010772081493757664,-0.0060299873677145035,-0.008802551378444537,0.011200157424217252
-0.011401130794577287,0.00011547442543115104,-0.006445156573572918,-0.012145678782563452,0.01293701400674006,-0.011789766469993362,0.0115960141278447,0.0006743360746711523,-0.00878604271006052,0.012935959147160031,0.0023102034042924505,0.0037333030048850684,0.007245156573567418,0.012957219599541632,0.002127093206983744,-0.002933303004910829,-0.009812033368653597,-0.012145030551450352,0.00957679100109008,0.009576311581686404,-0.009992659350856772,-0.007535303738923193,0.010792637257606423,-0.010796502416511191,0.007077647399347378,0.004874018345993778,-0.005079395992322788,0.0062869238151332775,-0.00047607843197177525,0.001276078431864115,-0.006046893529744757,-0.009034876721009028,0.011605914033654637
-0.011722277758275374,0.00032170040516828983,-0.006552310928130203,-0.012653710992222128,0.013442455268948666,-0.012207354132459592,0.01200908069074032,0.0004649866431707065,-0.009202065415636083,0.013441029451679201,0.0025194634486956574,0.004042709724456343,0.00735231092812457,0.013466790182800848,0.002023405993241109,-0.003242709724483001,-0.010228256118794639,-0.012652847017548775,0.009990013019167698,0.009989366404826824,-0.010207505554783792,-0.007648269933706366,0.011007475687656166,-0.011209742868704237,0.00739136772386265,0.005185474704700698,-0.0050886382857052975,0.006403346648420271,-0.0006854027902868361,0.0014854027901749136,-0.006053121359756309,-0.009256594686878125,0.012022066864494535
-0.012033077478116822,0.0005384222797907583,-0.006654522129622829,-0.013165265815405766,0.013957223218219692,-0.012620890876183405,0.01243191211315538,0.000250997040678806,-0.009621967877387986,0.013955296551709948,0.0027392150538390484,0.00436231141457204,0.0074545221296170635,0.013976360766768663,0.001909043013016339,-0.003562311414599603,-0.010648357638985261,-0.013164112282032113,0.010412997576755584,0.010412125422387257,-0.010416810993928004,-0.00775055260445678,0.011216770599325574,-0.011632809862076075,0.007715212547962511,0.005507063347947948,-0.005087191261432731,0.006509001855413864,-0.0009051579132390898,0.0017051579131228385,-0.006048671225069967,-0.009467730867192941,0.012442228715938117
-0.012333511007523872,0.0007656377243557139,-0.006745477856457203,-0.013677450811226318,0.014481305148116404,-0.013024027987282293,0.01286444587647976,3.620961767488503e-5,-0.010042495723114574,0.014478706093572206,0.0029694171528950254,0.004692093451009558,0.007545477856451307,0.014476920436497306,0.001784033930284543,-0.0038920934510380378,-0.01106908271877984,-0.013675905367051804,0.010845718597981809,0.01084454320836064,-0.010625039442956468,-0.00784215735835629,0.011424984683744055,-0.01206566136119006,0.008049146413069305,0.005838750657647037,-0.005075054535547019,0.006603918063702304,-0.0011353195425525923,0.0019353195424319475,-0.0060335444541502635,-0.009668300478773336,0.012863159761295744
-0.012623534849135708,0.0010033526535826905,-0.006825203583082337,-0.014189249538593506,0.015014701665879092,-0.013416721168337285,0.013306615665229624,-0.00017792772515806194,-0.010462455704857643,0.015011195516150032,0.0032100277489055607,0.005032047017129348,0.007625203583076315,0.014967374745817219,0.0016484078827018083,-0.004232047017158753,-0.011489236528348556,-0.014187172582337803,0.011288153891479701,0.01128656698260921,-0.010833942471710495,-0.007923085615904622,0.011633868024320274,-0.012508263377115346,0.008393128109278067,0.006180497628569072,-0.005052227261506208,0.006688117069269718,-0.0013758591761561607,0.002175859176031059,-0.006007743471486169,-0.009858309955611905,0.013283691766511686
-0.012903081510531256,0.0012515869880604094,-0.0068937373323239735,-0.014700617574965446,0.015557434855927995,-0.01379900614731878,0.013758361793453674,-0.0003913655123331129,-0.010881772393243424,0.015552704983716924,0.00346101008501447,0.00538217695402673,0.007693737332317829,0.015447659652271802,0.0015021895428327843,-0.004582176954057067,-0.011908741523365322,-0.014697825044536327,0.011740295054057817,0.011738145591666775,-0.011043519461890012,-0.007993335190388038,0.01184341811389527,-0.012960601308801329,0.008747117616789632,0.006532266662833332,-0.005018707972576162,0.0067616114101844696,-0.0016267487689652943,0.0024267487688356742,-0.005971271709126276,-0.010037756896148673,0.013703785374908252
-0.013172073352008595,0.001510370397318128,-0.006951167221443766,-0.015211571024814716,0.016109539573651105,-0.014170937880645357,0.014219633162343983,-0.0006040739906126621,-0.011300416161070942,0.016103181920696298,0.003722332998006921,0.005742498863116619,0.007751167221437503,0.01591778863559702,0.0013453995770703099,-0.004942498863147897,-0.012327565894291001,-0.015207831065816989,0.012202145656281431,0.012199233549687313,-0.011253799069293571,-0.008052902764612662,0.01205366145857185,-0.013422675726164401,0.009111079248005822,0.006894024536380953,-0.00497449484301902,0.00682440867624265,-0.0018879630356741092,0.002687963035539912,-0.005924133058260188,-0.010206635416041382,0.01412345306945154
-0.013430392352818041,0.001779757168178633,-0.006997605353480551,-0.0157221993919599,0.01667107440531439,-0.01453258004382799,0.014690369333551051,-0.0008160675035551851,-0.011718406906442009,0.016662563120238227,0.003993959866711659,0.006113049098443859,0.007797605353474172,0.016377857443301558,0.0011780620725691067,-0.005313049098476087,-0.012745726256412243,-0.015717208713369298,0.012673727252807116,0.012669775384240368,-0.01146477918667555,-0.00810178275855334,0.01226459249257294,-0.01389450726558091,0.009484969382326272,0.007265731203333671,-0.004919584404665171,0.006876514705664479,-0.002159470767217001,0.002959470767078168,-0.005866333209630479,-0.010364934402055421,0.0145427800489158
-0.013677895399042204,0.002059825404376817,-0.00703314029216183,-0.016232590871115022,0.01724210684582191,-0.014883965116473165,0.015170510147042038,-0.0010273384563775371,-0.012135745627307222,0.017230785404840132,0.004275854294619408,0.0064938875873442724,0.007833140292155339,0.016827949727988963,0.0010002009188502553,-0.005693887587377458,-0.013163218908262893,-0.016225956893574887,0.013155086042974369,0.013149714301953322,-0.01167647768233586,-0.008139967570291359,0.01247622382475358,-0.01437614440283306,0.009868743267915859,0.007647346732082397,-0.004853970250940271,0.00691793259894641,-0.002441239578966836,0.0032412395788233113,-0.005797879178540833,-0.010512638310206579,0.014961848222465175
-0.013914468798350623,0.0023506365363784626,-0.0070578290296871,-0.016742811248415902,0.017822626960211033,-0.01522510017398694,0.015660005155170017,-0.0012379091228127048,-0.012552454257268843,0.01780779626506968,0.004567985647695142,0.0068850615195491785,0.0078578290296805,0.01726811887919907,0.0008118363153231583,-0.006085061519583329,-0.013580060556915158,-0.016734090065673713,0.013646260031729217,0.013639001984384794,-0.011888866927535125,-0.008167449473567047,0.012688521789122558,-0.014867629006110574,0.010262362793151975,0.008038838159656439,-0.004777644223267707,0.006948664045268412,-0.0027332416666655418,0.003533241666517271,-0.005718777695424067,-0.01064973168302675,0.01538071633566089
-0.014140067411992486,0.0026522176892341386,-0.007071721179144693,-0.01725292495418381,0.018412542930052248,-0.015555973930731938,0.01615879600512696,-0.0014477691105638233,-0.012968499575335803,0.01839353593796018,0.004870318245819175,0.0072865922954105265,0.007871721179137989,0.01769840605991696,0.0006129919897492405,-0.00648659229544565,-0.013996210278063135,-0.017241554383012662,0.014147273201113643,0.014137581961758966,-0.012101899384453371,-0.008184217922529671,0.012901429741248279,-0.015368991801702462,0.010665783384074444,0.008440168360380598,-0.0046905930473631575,0.006968710584228407,-0.0030354442530398434,0.003835444252886773,-0.005629037524152484,-0.010776194163161213,0.015799438488778374
-0.014354577988798427,0.0029645299435983948,-0.007074852137050577,-0.017762987994029845,0.01901087172886588,-0.01587654913159585,0.016666820346055523,-0.001658657269744438,-0.013385659604891057,0.01898794298262879,0.00518281362184687,0.0076984097960720674,0.007874852137043777,0.018118829516856783,0.0004036938020012327,-0.006898409796108171,-0.014413435667530453,-0.017750103105038988,0.014658037101997768,0.014645393277955039,-0.012314126425163002,-0.008190257873720923,0.013113485942665091,-0.015880156353966102,0.011078957040260278,0.008851300403245877,-0.0045927940454833895,0.006978073598602348,-0.003347811778181084,0.004147811778023164,-0.005528669152191724,-0.010891999254432391,0.01621805494775728
-0.014563602225353982,0.003281134420256081,-0.007067244462318191,-0.01827304498790764,0.01960914709676533,-0.016186774977100058,0.017184022823673362,-0.0018750242080962118,-0.013808398359458325,0.019590965734730355,0.005505437332293836,0.008114122572432322,0.007867244462311296,0.018529390650489943,0.0001839651437377783,-0.007314122572469414,-0.014836190020357309,-0.018264118352851147,0.01517230632234361,0.015162381486357152,-0.012521702180810852,-0.008185551539225356,0.013320829879138268,-0.01639489701774418,0.011501841104471642,0.009272204907613059,-0.004484217744326258,0.006976754430918572,-0.003670312499211746,0.004470312499048929,-0.005417682616490772,-0.010997118435259592,0.01663659116804412
-0.014771590139170126,0.003598454923431652,-0.007048916035117656,-0.018783140086609453,0.020198894170128087,-0.016486584914307358,0.017710347234807775,-0.002102464359108276,-0.014241504509456734,0.020202555121804477,0.005838153990577551,0.008530461164481066,0.007848916035110672,0.018930081536944515,-4.616961977420308e-5,-0.007730461164519154,-0.015269246632615615,-0.018787905187670515,0.015687197798386142,0.01568849108609912,-0.012718214262029015,-0.008170075878830748,0.013517028402672335,-0.01691035985402097,0.011934392313658016,0.009702856032804852,-0.0043648241458203235,0.006964755047142707,-0.004002914050396582,0.00480291405022882,-0.0052960889417022605,-0.011091517376784942,0.01705506593834691
-0.014980279894555852,0.003915159707945309,-0.007019882764156514,-0.0192933274571166,0.0207791019518877,-0.016775879325851804,0.018245728787033254,-0.002340860992833996,-0.014684832335549987,0.020822660892679,0.006180922410036307,0.008946224993520966,0.007819882764149444,0.019320883502515557,-0.00028668181852013194,-0.008146224993560068,-0.015712432292937683,-0.019321269190458228,0.016201697687260656,0.016223657877313356,-0.012903654980539784,-0.008143794126781689,0.013702035812298043,-0.017425570570367994,0.012376561226173054,0.010143231841399227,-0.0042345488842386505,0.006942078247174909,-0.004345579404402015,0.0051455794042292655,-0.005163901463241374,-0.011175145715776207,0.01747349380775784
-0.015189660528780426,0.004231185486532813,-0.006980156929775451,-0.019803668086964685,0.02134963216334034,-0.017054532887979763,0.0187901051884662,-0.0025901643781070962,-0.0151383663262973,0.02145124509593487,0.006533702513654871,0.009361337477516461,0.007780156929768301,0.019701771653688582,-0.0005375431775505504,-0.00856133747755659,-0.016165691670362657,-0.019864157172865042,0.01671575882001906,0.01676781996661483,-0.013078055267160904,-0.008106654314812287,0.013875827324287554,-0.01794053055615405,0.01282830120097366,0.01059332415844228,-0.004093303832938379,0.006908727524172729,-0.004698273696861022,0.005498273696683244,-0.005021133554929954,-0.011247937730186544,0.017891882907962498
-0.015399752932173763,0.004546501544064175,-0.006929748446749765,-0.02031422340050682,0.021910417889455542,-0.017322414281253067,0.019343421370977235,-0.0028502553934289234,-0.015602018564775591,0.022088283073288098,0.00689645850099495,0.009775767081839585,0.00772974844674254,0.02007272131902683,-0.0007987281507285202,-0.00897576708188075,-0.01662889089159858,-0.020416434830812426,0.017229394611118335,0.017320922558821217,-0.013241488240314164,-0.008058596596101409,0.014038411610410082,-0.018455305440233015,0.013289571840057548,0.011053136746311136,-0.003940992015142797,0.006864706670692055,-0.005060966828099211,0.005860966827916362,-0.004867797373154048,-0.01130982097513702,0.018310237489791485
-0.015610546693508627,0.0048611236898400915,-0.00686866857473938,-0.020825074152119115,0.022461436039952255,-0.017579338953843816,0.019905610528937304,-0.00312098229796091,-0.016075690721080525,0.022733759398549748,0.007269146516370019,0.010189530585737358,0.007668668574732086,0.02043370007848745,-0.00107020511731368,-0.009389530585779573,-0.017101859330653675,-0.020977932202205077,0.017742690375901957,0.017882899099848817,-0.013394046158478739,-0.007999527771439953,0.014189781329875443,-0.018970052074082776,0.013760325660027242,0.011522691372315933,-0.0037774733311410668,0.006810021081559119,-0.005433623720204932,0.006233623720016976,-0.004703907791982228,-0.011360686611056681,0.01872855941475541
-0.01582205140080415,0.005175046495064257,-0.006796928409017497,-0.021336298135188596,0.02300263381168737,-0.017825103807723428,0.020476604685255688,-0.0034022145178188505,-0.016559326862207673,0.023387681309002404,0.007651721390130229,0.010602624319322091,0.007596928409010137,0.02078467308064617,-0.001351941093950527,-0.009802624319365363,-0.01758444457318594,-0.02154849879156375,0.01825572825444317,0.01845368179243867,-0.013535795767775617,-0.007929329041190815,0.014329879621071406,-0.019484923297142766,0.01424051742230521,0.012002034385346198,-0.003602592278796333,0.006744677246826007,-0.005816211727587877,0.006616211727394778,-0.004529479592659261,-0.011400400643817392,0.01914684654182839
-0.01603423169151809,0.00548828992758848,-0.006714537473445905,-0.02184789789259007,0.02353395881250673,-0.01805959594550218,0.021056346260309115,-0.003693860551090925,-0.017052896077485308,0.02405005605399873,0.008044144504762665,0.011015065183975778,0.007514537473438485,0.02112561041737724,-0.0016439076130899302,-0.010215065184020128,-0.018076536151047342,-0.022128027680225287,0.018768567272113786,0.019033213175540426,-0.013666774878153808,-0.007847905044661055,0.014458646865432743,-0.019999976100540533,0.01473011156224054,0.012491203834465215,-0.0034162858972025785,0.006668681304239052,-0.006208705989266168,0.007008705989067895,-0.00434452470496987,-0.011428855743157261,0.019565094506757443
-0.016247029699922137,0.005800828939382002,-0.006621507262297807,-0.022359808593618836,0.024055430608438216,-0.0182827476613938,0.02164476824760033,-0.003995832455219803,-0.017556359712280912,0.024720894285284727,0.00844637049489061,0.011426812952329713,0.007421507262290333,0.02145647744802689,-0.0019460709155032974,-0.010626812952375149,-0.018578024091896597,-0.022716416025964085,0.01928126170274011,0.01962142635239479,-0.013787009715060373,-0.007755207098287665,0.014576075500113408,-0.020515195976107355,0.015229070429038283,0.012990223434949917,-0.0032185589733941694,0.0065820411536163465,-0.006611081391735391,0.007411081391531911,-0.004149056058755424,-0.011445998440635296,0.019983295326931615
-0.016458982993378734,0.00611442741598318,-0.006517850723988953,-0.022870984897368853,0.024566900627542968,-0.01849612900065201,0.02224179866179688,-0.0043080560623486724,-0.01806957868602783,0.025400049530152385,0.008858350102654417,0.01183963549029058,0.007317850723981429,0.021777237390384365,-0.0022583939598037907,-0.011039635490337117,-0.019088810734618194,-0.023313580191238983,0.01979385184875882,0.020218249425549097,-0.013896507329447609,-0.007651193391158734,0.014682096090448488,-0.021029583563198055,0.015737361299084957,0.013499004766638293,-0.003010806233464458,0.006484766034784518,-0.007023319021758242,0.007823319021549525,-0.003943084761388089,-0.01145175428698082,0.020401435390834038
-0.016666230680471295,0.00643356433077444,-0.006403579924620895,-0.02337850309391404,0.025072700031175864,-0.018709641792433018,0.022847373443044702,-0.004630475970584003,-0.018586272883157593,0.02608172123184725,0.009280039121245929,0.012257988315869522,0.007203579924613328,0.02208785810371648,-0.002580843230806108,-0.011457988315917171,-0.01960881996395396,-0.023919463408333008,0.020306363119469577,0.020823618397379243,-0.013995260756793247,-0.007542154350980952,0.014782616357543849,-0.02154025665906166,0.01625496328095221,0.014011298112129075,-0.002803110288350617,0.006376864553803736,-0.0074454107364619005,0.008245410736247924,-0.0037266171336998435,-0.011452237499711226,0.02081949778245037
-0.016862340204827568,0.006763464411756014,-0.006278707924268036,-0.02387607162899873,0.025577206424168435,-0.018933204038493124,0.023461427558716233,-0.00496304247227332,-0.01910352935741378,0.02676379468721543,0.009711392238019605,0.012686665517185268,0.007078707924260428,0.022388308081530025,-0.002913384059850926,-0.011886665517234033,-0.020137981330587165,-0.024534022426975735,0.02081881421903548,0.02143746828779023,-0.014083252540205782,-0.007432120190117156,0.014881980691178104,-0.022040949713592304,0.016781864103302017,0.014524211339386296,-0.0026055622255995218,0.006258345935231705,-0.007877357707258156,0.008677357707038898,-0.0034996554343971874,-0.011451658835884896,0.02123746034682032
-0.01704726765417129,0.007103983759129457,-0.006143250543744352,-0.024363530458448034,0.026082153037687673,-0.019168435745859455,0.02408388603774184,-0.005305704742004306,-0.019620291513343317,0.027445569727441887,0.010152356800608884,0.013125494924750989,0.00694325054373671,0.022678552052928312,-0.003255975864679775,-0.012325494924800883,-0.020676220263021308,-0.025157226890216995,0.02133121960522627,0.02205972417584991,-0.014160447343606315,-0.007322591183672335,0.01498184399464984,-0.022531515752779962,0.017318065173699486,0.015036725602099506,-0.002419584055610275,0.006129220822103189,-0.008319177901450403,0.00911917790122584,-0.003262193684190295,-0.011451601748424491,0.021655289025807087
-0.01722099107248687,0.007455071379079843,-0.005997223929700999,-0.024840804058178467,0.026587446957030896,-0.01941534634672802,0.024714676887699284,-0.005658419167577263,-0.02013646144290089,0.028126970836550743,0.010602881774708512,0.013574421101936488,0.006797223929693327,0.022958557545155002,-0.0036085789725449824,-0.012774421101987515,-0.02122347049365332,-0.025789070838549883,0.021843587372193805,0.02269031410901358,-0.014226791085973045,-0.007213544233859024,0.015082159651403703,-0.023011888157764275,0.017863589805368847,0.015548791802171908,-0.0022452258707460026,0.005989499047447662,-0.008770912189163768,0.009570912188933882,-0.0030142119091029046,-0.011452026074765717,0.022072938677983128
-0.017383522436288917,0.007816602189017864,-0.005840643080472167,-0.025307821922734303,0.027093052663850137,-0.019673912052079523,0.0253537365785381,-0.0060211498719962035,-0.02065200190846066,0.028808004159330054,0.011062921776954266,0.01403331020193291,0.006640643080464475,0.023228297046135545,-0.003971157858006242,-0.013233310201985074,-0.021779676254625104,-0.026429564176283817,0.0223559217890509,0.023329174588491878,-0.014282220710097023,-0.007104945240924502,0.015182892780774303,-0.023482002344658092,0.01841847432819858,0.016060420910209313,-0.0020824805496311885,0.005839188831258968,-0.00923261368216882,0.0100326136819336,-0.0027556803961113078,-0.011452894052492188,0.022490360093159967
-0.01753485962689314,0.008188417367563601,-0.005673527020352442,-0.025764471823191092,0.027598892921706215,-0.01994406120583842,0.02600098817903169,-0.0063938566464060145,-0.021166926097415384,0.02948874659516806,0.011532421455606337,0.014501991560099724,0.006473527020344732,0.023487738565058067,-0.004343668915752273,-0.013701991560153032,-0.022344773267695763,-0.027078733968789934,0.022868224826472296,0.023976228716945682,-0.014326638305818633,-0.0069966910074018875,0.015283945575159467,-0.023941751571963186,0.01898277975872042,0.016571694363271692,-0.001931282559082091,0.005678298933745321,-0.009704365666785173,0.010504365666544608,-0.002486544809630126,-0.011454102044952938,0.022907480132077662
-0.017674953152683658,0.008570379253778102,-0.005495896172370615,-0.026210594663381853,0.028104901201811496,-0.020225755490623568,0.02665635361150518,-0.006776503348978899,-0.021681229549579652,0.030169277290877476,0.012011324134744468,0.014980312629030303,0.006295896172362894,0.023736851369878475,-0.004726067150024157,-0.014180312629084759,-0.02291870081460241,-0.02773661408011487,0.023380494609890983,0.02463139844718566,-0.014359921413385242,-0.006888685994899997,0.015385228925695623,-0.02439098059592639,0.019556577296236683,0.01708268862118795,-0.0017916067716667332,0.005506835390375435,-0.010186263495690046,0.010986263495444123,-0.0022067270034965025,-0.011455555560646999,0.023324209803984617
-0.017803751287265582,0.008962391325800479,-0.005307768533791584,-0.026646087583672973,0.02861103014960893,-0.020518916868645796,0.027319766887512628,-0.007169062897913708,-0.022194924116955606,0.030849656253869522,0.012499581591453753,0.015468162707800067,0.006107768533783856,0.023975610646577453,-0.005118314053713929,-0.014668162707855682,-0.023501410834373522,-0.02840316794663238,0.023892727132013864,0.0252946178146933,-0.014381973353735216,-0.006780860319398745,0.015486678023767752,-0.02482958884093363,0.020139861262248707,0.01759345643956546,-0.0016634471815490483,0.0053248005496351605,-0.010678320336581481,0.011478320336330198,-0.00191616551791095,-0.011457185867466803,0.02374050455808504
-0.017921257899590832,0.009364361411711805,-0.0051091658811478705,-0.027070865475471776,0.029117232356434933,-0.020823399619815285,0.027991151400789078,-0.007571508204617264,-0.02270795262234403,0.031529942434879964,0.01299713746214017,0.015965431374538437,0.005909165881140141,0.02420398898960251,-0.005520364358013373,-0.015165431374595221,-0.024092851567217112,-0.02907827366886247,0.024404915006510954,0.025965810239320094,-0.014392754154586062,-0.006673145084555503,0.015588228667536648,-0.025257492949663587,0.020732546184991388,0.01810404290496402,-0.0015467430444099657,0.005132193303473658,-0.01118047179263666,0.011980471792380012,-0.0016148332238198327,-0.011458925165802112,0.024156266378988864
-0.018027421604655716,0.009776214094042812,-0.004900112633038464,-0.027486477975260104,0.029623464543236642,-0.021137793392577233,0.02867042508344693,-0.00798381887333069,-0.023222064271863907,0.03221018730551405,0.013503930896472066,0.016472020113283935,0.005700112633030738,0.024421958771168165,-0.005932168872040711,-0.015672020113341883,-0.024692975276999728,-0.029761073201288388,0.02491704563873413,0.026644893679321987,-0.014392210450283315,-0.006565479322182865,0.015689823511914797,-0.025676243400887706,0.021333663326167596,0.01861447475905985,-0.0014415007889160027,0.0049290040044392735,-0.011691625429631656,0.012491625429369638,-0.0013027689826123916,-0.011460713329752615,0.024573217076561658
-0.01812817563359796,0.010197896448444925,-0.0046806312530241955,-0.027902038715823533,0.03012969063970734,-0.021452187214641257,0.029357515071189808,-0.00840598577501187,-0.023741632949583646,0.03289043216444075,0.014019907533972677,0.016987851647705388,0.005480631253016478,0.024629496711560072,-0.006353683425653107,-0.016187851647764512,-0.02530174745097048,-0.030443762271617637,0.025429103433285364,0.02733179529254084,-0.01438649492918515,-0.0064578135760937835,0.015791415650383098,-0.026094939009396943,0.0219347805482493,0.019124761572466564,-0.0013417583401433449,0.0047152147761678935,-0.012202779153135087,0.013002779152867659,-0.0009864117304642529,-0.011462501502530333,0.02499577707497703
-0.018227900390949483,0.010629365407331231,-0.00445074540228851,-0.028326654668380646,0.030635874113580517,-0.021756670122486256,0.03005234759689721,-0.00883800929242588,-0.02427093030227309,0.03357071831126357,0.01454501195200276,0.017512853902905957,0.005250745402280805,0.024826580716206748,-0.006784862724990951,-0.016712853902966264,-0.0259191415669048,-0.031118521614710373,0.025941068060521787,0.02802644133336392,-0.01437984539139042,-0.006350098391037482,0.015892957968874754,-0.026522671548385803,0.022527465727640757,0.01963490197293145,-0.001243116650204443,0.0044907973744699944,-0.012704930882976105,0.01350493088270321,-0.0006693384079612457,-0.011464240827994356,0.025428696797387546
-0.018328300059950633,0.011070585333349493,-0.004210483184807948,-0.028761854543152984,0.03114196988001751,-0.022049831793799126,0.030754837810094318,-0.009279906681314815,-0.024809757039977797,0.03425109722110006,0.015079180025403037,0.018046949640372255,0.005010483184800261,0.025013186793534526,-0.007225654114076363,-0.017246949640433752,-0.02654514151655486,-0.03178444703232246,0.02645290840700419,0.02872874697517448,-0.014373890072531143,-0.006242272802416775,0.015994392310630334,-0.026960969382558226,0.023110750172404305,0.020144880280419684,-0.0011438524838997502,0.004255701097899241,-0.013196988232172292,0.013996988231893853,-0.0003528811224769378,-0.01146587118266627,0.025871786324095366
-0.01842938881963289,0.011521539344833234,-0.00395987254266936,-0.029207518799248225,0.03164792717803771,-0.022331526559231173,0.03146490444604024,-0.00973171826084775,-0.02535805545299269,0.03493162785138959,0.015622349906855652,0.018590068804099066,0.004759872542661696,0.025189293613035343,-0.007676006521277693,-0.01779006880416175,-0.027179751968202916,-0.03244134559566829,0.02696458332826292,0.029438630975227757,-0.014368649942655819,-0.0061342679198932645,0.016095652964090417,-0.027409712824583342,0.02368454849159741,0.020654665247933524,-0.0010439372166233156,0.004009851189287222,-0.013678886886159886,0.014478886885875838,-3.710320361140126e-5,-0.011467324770697633,0.026324979742509007
-0.018531197160351745,0.011982225425263194,-0.003698938840479403,-0.029663501920899678,0.0321536944424758,-0.022601676444836107,0.03218247594779562,-0.010193496699851966,-0.025915686111345263,0.03561237021780695,0.016174466817952194,0.019142151243092438,0.004498938840471766,0.0253548836154844,-0.008135874502296947,-0.018342151243156326,-0.02782299133926885,-0.03308909776796908,0.02747604794643258,0.030156021795415506,-0.014364151956583955,-0.006026013865963382,0.01619667322130727,-0.02786875635341384,0.024248855110123715,0.021164218519314545,-0.0009433308325505561,0.0037531626783039273,-0.014150640118084878,0.01495064011779516,0.0002779645487993135,-0.011468532863490564,0.026788135807443648
-0.01863372064950573,0.012452660160735228,-0.0034277136145563205,-0.030129574304548105,0.03265919802776284,-0.02286024323915257,0.03290746582832399,-0.010665324766547083,-0.026482471229053197,0.036293403478714056,0.016735464181931267,0.019703125652120866,0.004227713614548714,0.025509936993077256,-0.008605202583653654,-0.018903125652185954,-0.028474896787671112,-0.033727610004397834,0.02798723483379423,0.030880832970864504,-0.014360385057607136,-0.005917415110896912,0.01629736076004035,-0.028337870487204066,0.02480374140453282,0.021673478412288217,-0.0008420294935309002,0.0034855105071063095,-0.014612343462194003,0.01541234346189855,0.0005923377974262859,-0.01146940097231977,0.027261076809349867
-0.018736975485953208,0.012932886311278416,-0.0031462299481963417,-0.03060552565370134,0.03316434959384078,-0.023107155430034644,0.033639786485631575,-0.011147297252271223,-0.027058249221660665,0.03697480453867124,0.017305274085772388,0.020272920934146673,0.003946229948188773,0.0256544355187445,-0.009083933867737029,-0.019472920934212965,-0.029135513576915184,-0.034356759413633725,0.028498060050160926,0.03161297692130896,-0.014357360575223353,-0.005808368463055775,0.016397612766094048,-0.02881684497204572,0.025349268659406295,0.022182364844392455,-0.0007400115608021621,0.0032067542977226,-0.015064080482702328,0.01586408048240108,0.0009060108728039039,-0.011469825453716052,0.027743644859429286
-0.018840935539760646,0.01342293962424307,-0.002854516523515175,-0.031091202122682977,0.03366910081305105,-0.023342389359074376,0.034379363964163766,-0.011639426796124801,-0.02764290110058917,0.037656579530263266,0.017883838880752297,0.020851477436630586,0.003654516523507646,0.025788365016957332,-0.009572019853017267,-0.020051477436698086,-0.02980481644035411,-0.03497646360330373,0.029008477801301117,0.03235237970909355,-0.014355052090808316,-0.005698839821028067,0.01649738859346326,-0.029305525945607338,0.025885473491778263,0.022690834553049377,-0.0006372997480441937,0.0029168436789647817,-0.015505904593526998,0.016305904593219896,0.0012190034562913317,-0.011469768524504553,0.02823572556270936
-0.018945568446257433,0.013922841849008605,-0.002552607506860449,-0.031586450019954984,0.03417333941738106,-0.02356595459120467,0.03512611247030343,-0.012141648301930711,-0.028236306393227453,0.03833865287760879,0.018471091316642627,0.021438726145947995,0.0033526075068529646,0.025911710482336325,-0.010069403720049273,-0.020638726146016712,-0.030482698836972213,-0.035586642059324235,0.029518377396664613,0.03309895556086116,-0.01435344034259141,-0.005588806074666448,0.016596632942400408,-0.02980375963676819,0.026412379596544393,0.023198779337878447,-0.0005339232540750043,0.002615798740278164,-0.015937857076276526,0.016737857075963522,0.001531290054655996,-0.011469189972004933,0.02873720487495024
-0.019049323690375087,0.014432502894180368,-0.0022405406424395318,-0.03209113451867435,0.034678771838027686,-0.02377947119337148,0.035879940022680204,-0.012652868475151065,-0.02883835528629644,0.039020324172138854,0.019066958827015007,0.02203459319981716,0.003040540642432095,0.02602445762214036,-0.010576023860338252,-0.0212345931998871,-0.031168328807911764,-0.03618878293390335,0.030029465631899913,0.03385261251634335,-0.01435089214971007,-0.00547976749274849,0.01669698845109582,-0.03031141105968003,0.026929988773160964,0.023707908283676894,-0.0004314313245806092,0.002304923970591674,-0.0163599563549642,0.01715995635464523,0.001844633760804551,-0.01146967316305146,0.029247981018180786
-0.019148127542885373,0.014945673729710195,-0.001918350276742617,-0.03260515268656433,0.035189748735057896,-0.023992857233864733,0.036640764765308566,-0.013164084208362566,-0.02944896011570649,0.03969947815521206,0.01967137651695105,0.022639012867090805,0.0027183502767352315,0.0261265949375482,-0.011091824977595413,-0.02183901286716197,-0.031853954688040684,-0.036790814636894466,0.030546088502072504,0.03461326873792091,-0.014343158518370126,-0.005375754398987531,0.01680278636093166,-0.030828377098009185,0.027438288916323765,0.024222570790122255,-0.0003338983492425736,0.0019940539005737904,-0.01677220386725224,0.01757220386692726,0.002163512730367348,-0.011475428843633948,0.029767974048981127
-0.019235671516858576,0.015459465055972958,-0.0015860720691438996,-0.033128411291600074,0.0357105660451352,-0.02421601481358357,0.037408503565302724,-0.013666291371419063,-0.030068038009697057,0.04037031304253201,0.020284278154346826,0.02325191827460295,0.0023860720691365697,0.026218112003282498,-0.011616750431067852,-0.022451918274675336,-0.032531823761885424,-0.03740065266766194,0.031072511564102692,0.0353808411109481,-0.014324103279709418,-0.005283057676217928,0.01691991626453016,-0.031354564305331505,0.027937258869028363,0.024747044275503997,-0.0002476299421511273,0.0016930240227488941,-0.017174591365930827,0.017974591365599788,0.002493151711020149,-0.011492571476955553,0.030297109252674294
-0.0193119806178924,0.01597285880594106,-0.001243747763859699,-0.03366081409571715,0.03624101001562827,-0.024450514822395752,0.03818306022080479,-0.014158392991483134,-0.030695498871613974,0.04103267942449282,0.020905586894708793,0.023873232044721825,0.0020437477638524265,0.026298997527218464,-0.012150734378613285,-0.023073232044795444,-0.033201100250007276,-0.038019745060603266,0.03160852030748231,0.03615523345441324,-0.014293782628815262,-0.005201636958007833,0.017048275378467353,-0.03188987616522262,0.028426864446873135,0.025281115388391704,-0.0001725998723146592,0.001403142234682783,-0.01756709877339673,0.018367098773059583,0.002833405524374854,-0.011521027635196883,0.030835306370296463
-0.01937708943299783,0.01648580517378179,-0.0008914175456041173,-0.034202277713698374,0.03678101305808431,-0.02469629179014963,0.0389643418589657,-0.01464031666677873,-0.03133126009093918,0.04168658197637431,0.021535228600568126,0.024502879689826913,0.001691417545596907,0.02636924042215885,-0.012693713327518483,-0.023702879689901767,-0.033861670047906946,-0.03864794933385504,0.032154047476720765,0.03693635291563552,-0.014252235973854574,-0.005131447152200579,0.01718780864517722,-0.0324342289964335,0.028907063944864628,0.025824717329246103,-0.00010877294825707321,0.001124435401598408,-0.017949697374217484,0.018749697373874195,0.0031842223272906416,-0.011560746728393788,0.031382492715774285
-0.01943108104674783,0.016998314653182255,-0.0005291164994211531,-0.0347527329751571,0.037330429954358126,-0.024953236342829817,0.03975226623354645,-0.015112065060434264,-0.03197525054834548,0.04233201960789644,0.022173137826864444,0.025140795530602514,0.001329116499414007,0.026428830060137697,-0.013245631360757553,-0.024340795530678607,-0.03451349763213856,-0.03928511215516716,0.03270894786351558,0.03772411726648384,-0.014199558533806679,-0.005072398340387193,0.017338402625306205,-0.03298755335086856,0.029377815513378,0.026377705284753885,-5.6065553603599756e-5,0.0008568624651181922,-0.018322356555964196,0.019122356555614714,0.0035454770370529913,-0.011611625967095897,0.031938606255122265
-0.01947405684450583,0.01751046827619397,-0.00015688508515709958,-0.035312101829702555,0.037889079927283846,-0.025221153072227925,0.04054673406885918,-0.015573714582162267,-0.032627386856143324,0.042968983916271304,0.022819236367253613,0.025786901152108074,0.0009568850851500196,0.026477750564470597,-0.013806422154369965,-0.024986901152185412,-0.035156609625521064,-0.03993100904191656,0.03327304056221316,0.038518427254078134,-0.014135867568849702,-0.005024382976601326,0.0174999191650289,-0.03354977081871165,0.029839061095350432,0.02693989876869688,-1.4375747118310263e-5,0.0006003004494340208,-0.01868503163566716,0.019485031635311453,0.003917013079966719,-0.011673541110504903,0.03250357515450658
-0.019506084092607814,0.018022343456601815,0.00022524314619093755,-0.03588031537157174,0.038456806930819036,-0.02549987262467813,0.0413476484151375,-0.016025318256843547,-0.033287591345823785,0.04359743323194561,0.023473450337959903,0.02644112252950203,0.0005747568538020516,0.02651597681575636,-0.014376024632146562,-0.02564112252958061,-0.03579101374651744,-0.04058543838172665,0.03384616913874642,0.03931918595393838,-0.014061247296655964,-0.004987329652245399,0.017672253960722875,-0.03412081209482929,0.030290729164962654,0.027511141751118007,1.6364203510678952e-5,0.0003546531667186089,-0.019037664202508686,0.01983766420214671,0.004298701766206868,-0.011746403052936599,0.03307733443545824
-0.019527204717963837,0.018533997031933095,0.000617238210564984,-0.03645731574839432,0.039033495025127984,-0.025789269848486215,0.042154926799858744,-0.016466908442714607,-0.03395579796697904,0.04421732296468517,0.02413571628512941,0.027103396117974216,0.0001827617894280761,0.026543489773215145,-0.01495438594387444,-0.026303396118054045,-0.03641670764469186,-0.04124824734555804,0.034428217255895885,0.04012631091431915,-0.01397575352294781,-0.004961193796884444,0.017855335437294388,-0.03470061899159971,0.030732760142364153,0.028091318212114864,3.619656684500144e-5,0.00011985479766214534,-0.019380205653370945,0.020180205653002676,0.004690450077776156,-0.011830152773810982,0.033659828622836174
-0.019537437007728278,0.019045487543198455,0.0010190847439373216,-0.037043055438108596,0.03961904197179425,-0.0260892312951455,0.042968489501498425,-0.016898499400583203,-0.0346319483202985,0.04482858429339558,0.024805978561591252,0.02777366618091538,-0.00021908474394418998,0.02656024906334434,-0.01554146344239093,-0.026973666180996465,-0.03703367078971052,-0.04191928790203811,0.035019082139512936,0.040939722440677076,-0.01387941950141282,-0.004945954468862551,0.018049113291371554,-0.03528914357654444,0.031165070286292635,0.028680325744236037,4.5139985450901195e-5,-0.00010414332843318186,-0.01971258352153569,0.020512583521161087,0.0050921828736987945,-0.011924753771815868,0.034251012357842205
-0.019536907432299425,0.019556891924967304,0.0014306849046035036,-0.03763741730588808,0.0402132710986132,-0.026399520139850637,0.04378821545101961,-0.01732023934742114,-0.03531592420581435,0.04543124938419914,0.025484121530504583,0.028451816972673842,-0.0006306849046102971,0.02656631355080749,-0.016137146188717828,-0.027651816972756187,-0.03764200496095033,-0.042598325681192005,0.03561858716141032,0.041759299467217306,-0.013772383600420815,-0.00494148143673075,0.018253434971056838,-0.0358862685640311,0.031587675351372455,0.029277987928675045,4.332130403359141e-5,-0.00031752917814963213,-0.02003482693512633,0.02083482693474536,0.0055037357337557845,-0.012030063356357014,0.03485077183079939
