x1,x2,x3,x4,x5,x6,x7,x8,x9,x10,x11,x12,x13,x14,x15
0.0,0.007158316459664906,0.014314078306364246,0.021464704272806473,0.028607624288116782,0.03574027209916434,0.04286008054737733,0.04996439101972866,0.057045060549983144,0.06412322002300656,0.07120133852465546,0.07827945714527894,0.0853575756961165,0.09243569420885143,0.0995138127136913
0.0,0.0071583164594644704,0.014314078306023296,0.021464704278660984,0.02860762435298474,0.0357402726664702,0.04286010277503979,0.04996560202896667,0.05706224412750461,0.06416689286146497,0.07127911704530494,0.07839648341559498,0.08551652378070218,0.0926367690557171,0.09975476084027485
0.0,0.007158316459464457,0.014314078306023296,0.02146470427866104,0.028607624352984806,0.035740272666470355,0.04286010277504001,0.04996560202896702,0.0570622441275049,0.06416689286146575,0.07127911704530578,0.07839648341559567,0.08551652378070308,0.09263676905571816,0.09975476084027607
0.0,0.007158316459331571,0.01431407830592391,0.02146470428605687,0.028607624449625987,0.03574027355528245,0.04286011835495592,0.04996627832899492,0.05707243830490485,0.06419228312049317,0.07132493232533989,0.07846785297381434,0.08561848068883754,0.09277424640390729,0.09993258134136945
0.0,0.007158316459189143,0.01431407830246636,0.02146470424413111,0.02860762411013022,0.035740271357862355,0.042860081744687056,0.049964462839439894,0.05704754505701092,0.06411481858039507,0.07116479257273162,0.07819503481417484,0.08520310655286013,0.09218658300671105,0.09914310990684523
0.0,0.0071583164590279256,0.014314078302427787,0.021464704251611497,0.02860762418475467,0.03574027198816481,0.042860104324869384,0.0499656745883725,0.0570653067725214,0.06416433560582634,0.0712633558923572,0.07836237537633865,0.08546139469405822,0.09256041458146735,0.09965943767478919
0.0,0.007158316459208374,0.01431407830345964,0.02146470425742267,0.028607624218783167,0.03574027219578117,0.04286010561381296,0.049965683039709864,0.05706279423549814,0.06415659482378501,0.0712453999297074,0.07832667255826913,0.08539786953528894,0.09245645844100482,0.09949998337581795
0.0,0.007158316459085389,0.01431407830344069,0.021464704265535275,0.028607624321323594,0.03574027312581307,0.042860121413530954,0.04996635970721241,0.05707333273974247,0.06418493389989867,0.07130118524863945,0.0784215723691226,0.08554557585181476,0.09267267407955944,0.09980233286872357
0.0,0.00715831645918915,0.014314078302466374,0.021464704244131088,0.028607624110130084,0.03574027135786222,0.0428600817446868,0.04996446283943951,0.05704754505701034,0.06411481858039415,0.07116479257273096,0.07819503481417416,0.08520310655285906,0.09218658300670994,0.099143109906844
0.0,0.007158316459208374,0.014314078303459599,0.021464704257422612,0.028607624218783007,0.035740272195780895,0.04286010561381246,0.04996568303970913,0.057062794235496865,0.06415659482378384,0.07124539992970558,0.07832667255826714,0.08539786953528682,0.09245645844100242,0.09949998337581552
0.0,0.007158316459027932,0.014314078302427792,0.02146470425161147,0.0286076241847547,0.035740271988164804,0.04286010432486937,0.049965674588372457,0.0570653067725214,0.06416433560582628,0.07126335589235717,0.0783623753763386,0.08546139469405822,0.09256041458146712,0.09965943767478902
0.0,0.007158316459085382,0.014314078303440676,0.021464704265535272,0.028607624321323497,0.0357402731258129,0.04286012141353079,0.049966359707212,0.05707333273974197,0.06418493389989798,0.07130118524863845,0.07842157236912155,0.08554557585181392,0.09267267407955836,0.09980233286872225
0.0,0.007158316458925576,0.014314078300468047,0.02146470423047393,0.028607624033660576,0.035740271115324074,0.042860083292514596,0.04996450323106021,0.057050979177453685,0.06411696582897579,0.07115992523159617,0.07817732773154988,0.08516665400304708,0.0921254094967179,0.09905125312487319
0.0,0.0071583164589565165,0.014314078301541175,0.021464704244131518,0.028607624144403335,0.03574027196941396,0.04286010728949963,0.049965723844909,0.05706639442022124,0.06416092955919474,0.07124874152832812,0.07832930765407108,0.08540211162096804,0.0924666453540335,0.09952247256710112
0.0,0.007158316458956528,0.014314078301541182,0.02146470424413155,0.028607624144403394,0.03574027196941416,0.04286010728949979,0.04996572384490924,0.05706639442022151,0.06416092955919503,0.07124874152832861,0.07832930765407169,0.08540211162096888,0.09246664535403433,0.09952247256710212
0.0,0.007158316459007136,0.014314078302498515,0.021464704257846162,0.028607624280313885,0.03574027310498774,0.042860124375116104,0.04996640886076662,0.057074591262640494,0.0641828952725692,0.07129120687734446,0.0783995181585527,0.08550782931813095,0.09261614123028918,0.09972445797711484
0.0,0.007165162177158662,0.01432982836564349,0.02149344936634426,0.028655501416337728,0.035815462010102446,0.04297280687715735,0.050126981188377114,0.05725927758600399,0.06438902981768227,0.07151872574551302,0.07864842075505825,0.08577811578258411,0.0929078108153172,0.10003750584934501
0.0,0.007165162176741402,0.014329828363176499,0.021493449352786482,0.028655501348048968,0.03581546171433648,0.04297280598162289,0.050126982015865434,0.057267221243001154,0.06440371904355881,0.07153550537002866,0.07866013853371767,0.08577514792485068,0.09287806881881584,0.0999664769742879
0.0,0.007165162177069289,0.014329828364990726,0.021493449365950965,0.02865550144274914,0.03581546235044525,0.042972818106497744,0.05012756534325034,0.05727224365946439,0.06442045376582058,0.0715717659267127,0.07872374420127852,0.08587390862300918,0.09301978049767869,0.10015890285748513
0.0,0.007165162176835992,0.014329828363446597,0.021493449356330036,0.028655501390729244,0.035815462154407965,0.04297281832704244,0.05012758024801046,0.05727718664584771,0.06442884009164161,0.07158125527102883,0.07873188996743456,0.0858781766418833,0.09301755316643494,0.10014750971786494
0.0,0.007165162176741395,0.014329828363176499,0.021493449352786496,0.028655501348049044,0.035815461714336534,0.042972805981623036,0.05012698201586574,0.05726722124300149,0.06440371904355922,0.07153550537002908,0.0786601385337181,0.08577514792485125,0.09287806881881655,0.09996647697428875
0.0,0.007165162176353706,0.014329828360882839,0.021493449340224544,0.028655501285230225,0.03581546144586364,0.04297280520066384,0.050126983285121,0.057275594941026436,0.06442361147665294,0.0715716153294926,0.07871961868008197,0.08586762204279685,0.09301562601731315,0.10016363322571452
0.0,0.0071651621768359834,0.014329828363446583,0.02149344935633007,0.028655501390729306,0.03581546215440801,0.04297281832704249,0.05012758024801065,0.057277186645848216,0.06442884009164193,0.07158125527102943,0.07873188996743503,0.08587817664188398,0.09301755316643544,0.10014750971786575
0.0,0.007165162176606875,0.014329828361925846,0.021493449347161426,0.028655501343106553,0.03581546198869626,0.04297281869361302,0.0501275953314419,0.057282371968433325,0.06443972866840426,0.07159968929066943,0.07876174117795094,0.08592536175693864,0.09309002813710825,0.1002552202627283
0.0,0.007165162176738482,0.014329828362535027,0.02149344934491872,0.02865550129248967,0.035815461561928545,0.04297280847246029,0.05012703634334668,0.057263821751244025,0.06438908311124421,0.07150156028628915,0.07859881240966211,0.0856783776522484,0.092737805275614,0.09977470451719962
0.0,0.007165162176500894,0.014329828361294704,0.0214934493395956,0.028655501274109766,0.03581546149728278,0.042972807831172376,0.05012702594276327,0.057270639515893645,0.06440554239179315,0.07152976591004585,0.07864076447093829,0.08573598467151831,0.09281288803760838,0.09986903731881895
0.0,0.007165162176670099,0.014329828362004492,0.021493449345255402,0.02865550132314687,0.03581546192437222,0.042972819790035505,0.050127620306702585,0.057277310890013394,0.06442615345878734,0.07157497633570872,0.07872379884894998,0.08587262143724779,0.09302144464290114,0.10017027108190718
0.0,0.007165162176600672,0.0143298283615853,0.02149344934334997,0.028655501318432475,0.03581546194709775,0.04297282022071575,0.05012762400733276,0.05728084819351322,0.06443320329124391,0.07158456378298263,0.07873441595135709,0.08588223811696122,0.09302751161741842,0.10016974732879037
0.0,0.0071651621765009025,0.014329828361294686,0.02149344933959564,0.02865550127410973,0.03581546149728286,0.04297280783117244,0.050127025942763505,0.057270639515893985,0.06440554239179372,0.07152976591004641,0.07864076447093878,0.08573598467151898,0.092812888037609,0.0998690373188198
0.0,0.007165162176277582,0.01432982836012104,0.02149344933450961,0.028655501255934784,0.03581546142777844,0.04297280716143312,0.05012701590165653,0.057277565308340946,0.06442393330441488,0.07156559811367995,0.07870203832104535,0.0858327333830774,0.09295716914330754,0.10007488847761582
0.0,0.00716516217660067,0.014329828361585332,0.02149344934334999,0.028655501318432516,0.03581546194709783,0.04297282022071594,0.050127624007333005,0.05728084819351345,0.06443320329124429,0.07158456378298321,0.07873441595135756,0.08588223811696181,0.09302751161741907,0.10016974732879103
0.0,0.007165162176530679,0.014329828361163928,0.02149344934142948,0.028655501313644735,0.035815461969636496,0.042972820651728506,0.05012762775400151,0.0572845156727696,0.06444143291380867,0.07159835242403541,0.07875527197062708,0.08591219158569913,0.09306911199996422,0.10022603728878314
0.0,0.007165162177158658,0.014329828365643471,0.021493449366344276,0.02865550141633774,0.035815462010102425,0.04297280687715734,0.05012698118837711,0.05725927758600393,0.06438902981768226,0.07151872574551293,0.07864842075505823,0.085778115782584,0.09290781081531722,0.10003750584934497
0.0,0.007165162177069289,0.014329828364990728,0.021493449365950972,0.028655501442749157,0.035815462350445255,0.042972818106497696,0.05012756534325031,0.05727224365946431,0.06442045376582053,0.07157176592671277,0.07872374420127852,0.08587390862300913,0.09301978049767869,0.10015890285748512
0.0,0.0071651621767413985,0.014329828363176497,0.021493449352786503,0.02865550134804905,0.035815461714336534,0.042972805981623,0.05012698201586571,0.05726722124300149,0.06440371904355918,0.07153550537002897,0.07866013853371809,0.08577514792485129,0.09287806881881648,0.09996647697428875
0.0,0.007165162176835987,0.014329828363446574,0.02149344935633007,0.028655501390729306,0.03581546215440802,0.04297281832704253,0.05012758024801068,0.057277186645848154,0.06442884009164189,0.07158125527102942,0.07873188996743499,0.08587817664188417,0.09301755316643541,0.10014750971786572
0.0,0.007165162176738476,0.014329828362535041,0.02149344934491874,0.028655501292489647,0.035815461561928524,0.042972808472460294,0.0501270363433467,0.05726382175124406,0.06438908311124421,0.07150156028628914,0.07859881240966211,0.08567837765224846,0.09273780527561408,0.09977470451719979
0.0,0.0071651621766701005,0.01432982836200448,0.02149344934525543,0.028655501323146884,0.03581546192437223,0.0429728197900355,0.050127620306702654,0.05727731089001339,0.06442615345878738,0.07157497633570875,0.07872379884895005,0.08587262143724789,0.09302144464290128,0.1001702710819072
0.0,0.007165162176500904,0.014329828361294669,0.021493449339595627,0.028655501274109724,0.03581546149728282,0.042972807831172445,0.05012702594276349,0.057270639515894006,0.06440554239179366,0.07152976591004635,0.07864076447093872,0.08573598467151892,0.09281288803760891,0.09986903731881959
0.0,0.007165162176600682,0.014329828361585322,0.02149344934334999,0.028655501318432502,0.035815461947097796,0.04297282022071592,0.050127624007332984,0.05728084819351348,0.0644332032912442,0.0715845637829832,0.07873441595135747,0.08588223811696173,0.09302751161741901,0.10016974732879098
0.0,0.007165162176741395,0.014329828363176507,0.021493449352786465,0.028655501348048968,0.03581546171433653,0.04297280598162286,0.05012698201586546,0.057267221243001105,0.06440371904355884,0.07153550537002863,0.07866013853371767,0.08577514792485073,0.09287806881881609,0.09996647697428801
0.0,0.0071651621768359965,0.014329828363446593,0.021493449356330033,0.028655501390729254,0.03581546215440796,0.04297281832704239,0.05012758024801045,0.05727718664584769,0.0644288400916416,0.07158125527102888,0.07873188996743459,0.08587817664188341,0.09301755316643497,0.10014750971786503
0.0,0.007165162176353698,0.014329828360882847,0.021493449340224572,0.028655501285230228,0.03581546144586365,0.04297280520066385,0.050126983285120975,0.05727559494102646,0.06442361147665297,0.07157161532949263,0.078719618680082,0.08586762204279685,0.09301562601731307,0.10016363322571446
0.0,0.007165162176606875,0.014329828361925832,0.021493449347161433,0.028655501343106543,0.03581546198869629,0.042972818693612934,0.05012759533144185,0.05728237196843331,0.06443972866840426,0.07159968929066937,0.07876174117795097,0.0859253617569386,0.09309002813710826,0.1002552202627281
0.0,0.0071651621765009,0.014329828361294698,0.02149344933959559,0.02865550127410978,0.03581546149728277,0.04297280783117238,0.05012702594276325,0.057270639515893666,0.06440554239179316,0.07152976591004588,0.07864076447093833,0.08573598467151831,0.0928128880376084,0.09986903731881903
0.0,0.00716516217660067,0.014329828361585306,0.02149344934334996,0.028655501318432475,0.03581546194709776,0.042972820220715774,0.050127624007332804,0.05728084819351321,0.06443320329124397,0.07158456378298264,0.07873441595135706,0.0858822381169612,0.09302751161741847,0.10016974732879036
0.0,0.007165162176277586,0.014329828360121042,0.021493449334509585,0.028655501255934773,0.03581546142777843,0.042972807161433146,0.05012701590165658,0.05727756530834099,0.06442393330441488,0.07156559811367998,0.07870203832104535,0.08583273338307747,0.09295716914330765,0.1000748884776159
0.0,0.007165162176530674,0.014329828361163928,0.02149344934142948,0.028655501313644735,0.03581546196963651,0.04297282065172848,0.050127627754001536,0.057284515672769605,0.06444143291380872,0.07159835242403537,0.07875527197062715,0.08591219158569903,0.09306911199996425,0.1002260372887831
0.0,0.007169297988808338,0.014338631132172349,0.02150796360357338,0.028677294996213087,0.0358466261135793,0.043015955669560985,0.05018526753273725,0.05733098579642105,0.064473908432138,0.07161676643278164,0.07875962344079589,0.08590248055061105,0.09304533768737157,0.10018819482935619
0.0,0.007169297988402095,0.014338631129843099,0.021507963591715886,0.028677294945199702,0.03584662596372769,0.04301595579619399,0.05018527394884358,0.057338977621531693,0.06448866343137041,0.07163361825558788,0.07877140404725046,0.08589954543276758,0.0930155730107828,0.10011705804831854
0.0,0.007169297988402091,0.014338631129843085,0.021507963591715848,0.028677294945199713,0.03584662596372767,0.04301595579619399,0.05018527394884351,0.05733897762153167,0.06448866343137045,0.07163361825558784,0.07877140404725047,0.08589954543276772,0.09301557301078278,0.10011705804831854
0.0,0.007169297988169058,0.01433863112850219,0.02150796358503497,0.028677294918321158,0.03584662590330258,0.04301595607254995,0.05018527894755215,0.05734487321732851,0.064501070841472,0.07165238514640526,0.07879627258694528,0.08593016793031526,0.0930515160433276,0.10015783837898921
0.0,0.007169297988402098,0.014338631129843092,0.021507963591715838,0.028677294945199716,0.03584662596372768,0.04301595579619403,0.05018527394884354,0.05733897762153165,0.06448866343137054,0.07163361825558782,0.07877140404725046,0.08589954543276769,0.09301557301078273,0.10011705804831854
0.0,0.0071692979880154705,0.014338631127645614,0.02150796358063364,0.028677294898257988,0.03584662583188216,0.04301595597517118,0.05018528038851138,0.057347401216178984,0.06450864300389435,0.07166986280125447,0.07883108221202827,0.08599230173483714,0.09315352188580317,0.10031474527745865
0.0,0.007169297988169047,0.01433863112850219,0.02150796358503496,0.028677294918321137,0.03584662590330261,0.04301595607254996,0.05018527894755218,0.05734487321732851,0.06450107084147204,0.07165238514640528,0.07879627258694528,0.08593016793031523,0.09305151604332758,0.10015783837898923
0.0,0.007169297987947409,0.014338631127226631,0.021507963578722204,0.0286772948934048,0.03584662585201919,0.043015956380143695,0.05018528401412963,0.057350944678775884,0.06451570524930403,0.07167946719149719,0.07884171813741236,0.08600193556226055,0.0931595998771046,0.100314221102049
0.0,0.007169297988402095,0.0143386311298431,0.021507963591715844,0.028677294945199706,0.035846625963727674,0.043015955796194015,0.050185273948843506,0.057338977621531693,0.06448866343137048,0.07163361825558781,0.07877140404725048,0.08589954543276769,0.09301557301078278,0.10011705804831854
0.0,0.0071692979881690655,0.014338631128502184,0.02150796358503497,0.028677294918321175,0.03584662590330257,0.04301595607254996,0.05018527894755214,0.057344873217328486,0.06450107084147204,0.0716523851464053,0.07879627258694527,0.08593016793031526,0.09305151604332762,0.10015783837898924
0.0,0.007169297988015473,0.014338631127645612,0.021507963580633626,0.028677294898257984,0.03584662583188219,0.04301595597517118,0.05018528038851138,0.057347401216178984,0.06450864300389438,0.07166986280125445,0.07883108221202824,0.08599230173483714,0.0931535218858033,0.1003147452774586
0.0,0.007169297987947405,0.014338631127226624,0.021507963578722183,0.028677294893404773,0.0358466258520192,0.04301595638014374,0.050185284014129604,0.05735094467877591,0.06451570524930396,0.0716794671914971,0.07884171813741235,0.08600193556226064,0.09315959987710447,0.10031422110204895
0.0,0.007169297988169063,0.01433863112850218,0.021507963585034956,0.028677294918321165,0.03584662590330257,0.04301595607254994,0.05018527894755215,0.0573448732173285,0.06450107084147208,0.07165238514640529,0.07879627258694524,0.08593016793031517,0.09305151604332758,0.1001578383789891
0.0,0.0071692979879474095,0.01433863112722663,0.02150796357872221,0.028677294893404762,0.035846625852019205,0.04301595638014368,0.05018528401412959,0.05735094467877585,0.06451570524930404,0.07167946719149713,0.07884171813741238,0.08600193556226056,0.09315959987710463,0.10031422110204895
0.0,0.007169297987947412,0.014338631127226649,0.021507963578722204,0.028677294893404773,0.03584662585201921,0.04301595638014369,0.05018528401412964,0.057350944678775835,0.06451570524930407,0.0716794671914972,0.07884171813741235,0.08600193556226056,0.09315959987710459,0.10031422110204903
0.0,0.00716929798787263,0.014338631126789689,0.02150796357676456,0.028677294888419868,0.03584662587183863,0.043015956785093824,0.050185287685306196,0.05735461858320872,0.06452394948051685,0.07169328037773849,0.07886261128396631,0.0860319422946451,0.0932012741155299,0.10037061082115291
-3.614007241618348e-20,5.2214781344859844e-17,1.9178181178552967e-16,3.937537122708443e-16,6.379510522097331e-16,9.091828603818217e-16,1.1973621037625743e-15,1.4973340221793169e-15,1.7994006530746196e-15,2.1030887873752825e-15,2.408090669777137e-15,2.7150607744040947e-15,3.0238822107094346e-15,3.3346456112185127e-15,3.618946573078104e-15
-3.614007241618348e-20,-1.0657632277355506e-12,-2.4979597028151603e-11,-2.191626275285919e-10,-9.99795892192652e-10,1.058574839751587e-9,3.476664943875259e-8,-1.7705345304904568e-6,-4.9785446743742475e-5,-0.00019017620557054837,-0.0004246469999587928,-0.0007531309609674114,-0.0011755123589952457,-0.0016916237582872524,-0.0023010719404641107
-3.614007241618348e-20,1.0657590806622409e-12,2.497956189435433e-11,2.191625085114278e-10,9.997956210252183e-10,-1.0585753390933207e-9,-3.4766650238314424e-8,1.7705345293309851e-6,4.978544674216742e-5,0.00019017620556851126,0.0004246469999562624,0.0007531309609643656,0.0011755123589916702,0.0016916237582831363,0.002301071940459403
-3.614007241618348e-20,-5.869910090040727e-17,-2.3751763811684135e-16,-5.385870288889099e-16,-9.584434731509741e-16,-1.4880124245947833e-15,-2.1129880614298435e-15,-2.814393739850185e-15,-3.579699301467076e-15,-4.395224034805095e-15,-5.246736656973107e-15,-6.1223897181378675e-15,-7.0128153162470584e-15,-7.912568441171414e-15,-8.838177811499337e-15
-3.614007241618348e-20,4.4254104060909966e-12,4.1790141731950135e-11,2.690490708192399e-10,1.3000262136936168e-9,2.9109023651932683e-9,-3.20942799901498e-8,-6.091460610504377e-7,3.994303038957178e-5,0.00017075480519513093,0.00039567325199278886,0.000714663765561909,0.0011276151323057295,0.0016343635371344498,0.0022345188847730326
-3.614007241618348e-20,3.4467282591705544e-12,1.7820283920487983e-11,5.7896732246948266e-11,3.517877044564235e-10,4.238154307655936e-9,3.6191780841912924e-9,-2.382212449096666e-6,-9.856981649941374e-6,-1.9438647188374228e-5,-2.905662481661091e-5,-3.8677390699730587e-5,-4.829873265120815e-5,-5.792013672335969e-5,-6.75415420462281e-5
-3.614007241618348e-20,3.370075058849678e-12,4.647829095239776e-11,3.531486662192699e-10,1.6026677677930335e-9,-2.354654559271515e-10,-5.712089907325348e-8,1.411012702463788e-6,6.728580710044204e-5,0.0002652731835043487,0.0005988057119006657,0.001067791286523423,0.0016720588672571293,0.0024113291860487504,0.0032847435866523843
-3.614007241618348e-20,2.374274250139662e-12,2.237882405315722e-11,1.4151782881773026e-10,6.556606126053606e-10,1.132597162619305e-9,-2.0985380409930844e-8,-3.584003775846002e-7,1.8292412850495205e-5,7.84200377773008e-5,0.00018181493368764869,0.0003284855267928645,0.0005184207821506753,0.0007515699786726119,0.0010275612894336394
-3.614007241618348e-20,-4.425190124726323e-12,-4.178931013533131e-11,-2.6904731362143873e-10,-1.3000232830694511e-9,-2.9108980723029546e-9,3.209428578583552e-8,6.091460684496127e-7,-3.994303038051067e-5,-0.0001707548051843675,-0.00039567325198029685,-0.0007146637655476728,-0.0011276151322897434,-0.001634363537116699,-0.002234518884753568
-3.614007241618348e-20,-3.3699607969285366e-12,-4.64778683741543e-11,-3.531477934342623e-10,-1.6026663446675679e-9,2.3546749589419664e-10,5.712090177325514e-8,-1.4110126990750233e-6,-6.728580709635538e-5,-0.0002652731834995609,-0.0005988057118951738,-0.0010677912865172284,-0.001672058867250236,-0.0024113291860411593,-0.0032847435866441466
-3.614007241618348e-20,-3.446623562510142e-12,-1.781989882712291e-11,-5.7895941720133616e-11,-3.517864241943581e-10,-4.23815248571376e-9,-3.6191756907757506e-9,2.382212452078654e-6,9.856981653511882e-6,1.943864719252998e-5,2.905662482134907e-5,3.867739070504935e-5,4.829873265710691e-5,5.792013672983754e-5,6.75415420532335e-5
-3.614007241618348e-20,-2.3742655488525393e-12,-2.2378809870719893e-11,-1.4151784152237744e-10,-6.55660704030991e-10,-1.1325973939245211e-9,2.0985379977872324e-8,3.584003769000248e-7,-1.8292412851483056e-5,-7.842003777863218e-5,-0.0001818149336893505,-0.000328485526794953,-0.0005184207821531615,-0.0007515699786755079,-0.0010275612894369895
-3.614007241618348e-20,1.7172633034907384e-16,6.539732450956797e-16,1.39484811775923e-15,2.3474583573467795e-15,3.469207523973857e-15,4.722841132210008e-15,6.075267863560532e-15,7.493592346485863e-15,8.957075543961109e-15,1.0450070216351642e-14,1.1959358132171242e-14,1.3477399004123454e-14,1.500162265190199e-14,1.6499261605942318e-14
-3.614007241618348e-20,1.0417703322785081e-12,-4.653031160762598e-12,-8.356587294347295e-11,-3.019759659472192e-10,3.1168975124773196e-9,2.462871507262216e-8,-2.024845465848945e-6,-2.8146268811815985e-5,-9.784310633688257e-5,-0.00021084995371414684,-0.0003671407911094143,-0.000566701572848791,-0.0008094803502900258,-0.001095104514097884
-3.614007241618348e-20,-1.0415626434703174e-12,4.653814715931408e-12,8.35675268653703e-11,3.0197872096705526e-10,-3.1168934810593005e-9,-2.462870963494903e-8,2.0248454727875787e-6,2.8146268820313314e-5,9.784310634697604e-5,0.00021084995372586056,0.0003671407911227615,0.0005667015728637795,0.000809480350306659,0.0010951045141161062
-3.614007241618348e-20,5.128925667782664e-17,1.8784084982627117e-16,3.8420341579055206e-16,6.204968089542953e-16,8.810653193533994e-16,1.1549621755218657e-15,1.436163843827453e-15,1.7165359845333628e-15,1.9952214002969732e-15,2.2714970073256456e-15,2.547526692455298e-15,2.8228217176753654e-15,3.098750323539979e-15,3.347872877722836e-15
-3.614007241618348e-20,-2.1596779167792503e-5,-8.659513690037365e-5,-0.0001948002738106104,-0.0003462609152268131,-0.0005409823191341487,-0.0007789666311228274,-0.001060467248561747,-0.0013649696165489876,-0.0016714422198601635,-0.0019779188129300687,-0.0022843953577306748,-0.002590872598588559,-0.002897350030520911,-0.0032038274969200062
-3.614007241618348e-20,-2.159678420753492e-5,-8.659518774898954e-5,-0.00019480063203639083,-0.00034626290712481907,-0.0005409896444748512,-0.0007789566745670866,-0.001059922901093543,-0.0014057883364563912,-0.0018436181741371836,-0.0023753305609790585,-0.0030007747438217,-0.00371973192054827,-0.004531931569739845,-0.0054368792949645
-3.614007241618348e-20,-2.1596778824259063e-5,-8.659510891984627e-5,-0.0001947999572345841,-0.0003462588196154806,-0.0005409744773849677,-0.0007789527934029145,-0.0010589340982979413,-0.0013161259435442443,-0.0014826435307436772,-0.0015550493815664737,-0.0015332718921199737,-0.0014173149109463093,-0.0012072383548477168,-0.0009033304519404234
-3.614007241618348e-20,-2.1596783336793798e-5,-8.659515711206954e-5,-0.00019480029883408014,-0.0003462606679773554,-0.000540980591463555,-0.0007789337543441439,-0.0010583283350261766,-0.0013564775847502144,-0.001654283187744042,-0.0019519801022606486,-0.0022494850420989782,-0.0025466916137104945,-0.0028434930179601953,-0.003139785353489947
-3.614007241618348e-20,-2.1596774827637494e-5,-8.659509438098708e-5,-0.0001947999908581036,-0.0003462594916899555,-0.000540978676009027,-0.0007789962621989778,-0.0010610822185179616,-0.0013253685797022087,-0.0015012414938812572,-0.001582819862566455,-0.0015700221364861877,-0.001462852837747018,-0.0012613691660782445,-0.0009658568477935772
-3.614007241618348e-20,-2.159677984477608e-5,-8.659514502048278e-5,-0.0001948003476026827,-0.0003462614745213865,-0.0005409859500685761,-0.0007789860247391238,-0.001060536413211577,-0.00136620507996045,-0.0016736813277413549,-0.0019811769541321867,-0.0022886762454464357,-0.002596176632605454,-0.002903677219866283,-0.003211177961256423
-3.614007241618348e-20,-2.1596776036485477e-5,-8.659508523165632e-5,-0.00019479981513480701,-0.0003462581769828192,-0.0005409734725004812,-0.0007789747073103999,-0.001059295640199624,-0.0012988654036992758,-0.0014080158205958305,-0.0013815692365195115,-0.0012194754356881089,-0.0009217895752806658,-0.0004886796835675474,7.9102901471117e-5
-3.614007241618348e-20,-2.1596781414221277e-5,-8.65951360892733e-5,-0.00019480015525729497,-0.00034625996911915447,-0.0005409791908346511,-0.0007789538840350654,-0.0010586880941770775,-0.0013384222920271261,-0.0015763968728011869,-0.0017711152842394726,-0.0019225701239367861,-0.0020307509623151564,-0.00209568649478794,-0.0021177274407278763
-3.614007241618348e-20,-2.1596784171112787e-5,-8.659518709710927e-5,-0.00019480061970279848,-0.0003462627682676166,-0.0005409884471960098,-0.0007789479409685886,-0.0010598666438551407,-0.001405362368998975,-0.0018429099729683912,-0.0023741441255735367,-0.0029989458832094984,-0.003717103020864577,-0.004528346144109696,-0.0054321816270241075
-3.614007241618348e-20,-2.1596786425919856e-5,-8.659520862512752e-5,-0.00019480076236207363,-0.00034626348526455155,-0.0005409902791180332,-0.0007789330724682488,-0.0010595601263476626,-0.0014234712680588825,-0.0019189712833032827,-0.0025496710003223245,-0.003315390637349109,-0.004215852555449842,-0.005250671121078912,-0.006418885284610476
-3.614007241618348e-20,-2.159678380049097e-5,-8.659515882148676e-5,-0.00019480030057745831,-0.0003462606537996432,-0.0005409804884826967,-0.0007789335315331078,-0.0010583302442633393,-0.0013565352739981782,-0.001654384821152869,-0.0019522104490837572,-0.002250036056655143,-0.00254786207861941,-0.0028456882276580247,-0.003143514528533464
-3.614007241618348e-20,-2.159678605561352e-5,-8.659518058546635e-5,-0.00019480044066811947,-0.0003462613079398792,-0.0005409815645671995,-0.0007789116092394421,-0.0010579665946543742,-0.001374969811981633,-0.0017330957438758427,-0.0021344240114721086,-0.0025789650132026073,-0.0030666865254477694,-0.0035975159356352684,-0.004171060958403561
-3.614007241618348e-20,-2.1596779726177004e-5,-8.659514402262036e-5,-0.00019480033421532075,-0.00034626133251696063,-0.000540984764514351,-0.0007789776590106221,-0.0010604837608212403,-0.001365690928940399,-0.0016726956032827708,-0.0019793248923562785,-0.0022854837372950744,-0.002591065981501504,-0.0028959621819425966,-0.003200066812114812
-3.614007241618348e-20,-2.1596782159304418e-5,-8.659516696207319e-5,-0.00019480048669034012,-0.0003462621151456234,-0.0005409869738119893,-0.0007789643401975717,-0.0010601773897744395,-0.0013846056669193634,-0.001752225505767751,-0.002163010115176021,-0.002616929475736922,-0.003113947530942201,-0.0036539904326414623,-0.004236665847924365
-3.614007241618348e-20,-2.1596781463788182e-5,-8.659513626012717e-5,-0.00019480015452506266,-0.00034625995792943865,-0.000540979150363672,-0.0007789541420095953,-0.0010586915907799786,-0.0013383961257311698,-0.0015762667939431584,-0.0017708060444556863,-0.0019220067663870152,-0.0020298585390676614,-0.002094390137715133,-0.002115952924928897
-3.614007241618348e-20,-2.1596783664922666e-5,-8.659515780680134e-5,-0.0001948002941101453,-0.0003462606110222793,-0.000540980223909401,-0.0007789322130888917,-0.0010583279380363211,-0.001356836094376812,-0.0016550269715800729,-0.001953194946262941,-0.002251362927428653,-0.002549531324378054,-0.0028476998563896332,-0.0031458686087204204
-3.614007241618348e-20,2.1596779167842474e-5,8.659513690055798e-5,0.0001948002738109883,0.0003462609152274261,0.0005409823191350215,0.0007789666311239762,0.0010604672485631753,0.0013649696165507045,0.001671442219862169,0.0019779188129323603,0.002284395357733245,0.0025908725985914357,0.0028973500305240745,0.0032038274969234466
-3.614007241618348e-20,2.1596778824202207e-5,8.659510891961835e-5,0.0001947999572340721,0.0003462588196145754,0.0005409744773835722,0.0007789527934009433,0.0010589340982953192,0.0013161259435409236,0.0014826435307396183,0.0015550493815616497,0.0015332718921143669,0.0014173149109399134,0.0012072383548405309,0.0009033304519324336
-3.614007241618348e-20,2.1596784207473455e-5,8.659518774874398e-5,0.0001948006320358387,0.0003462629071238423,0.0005409896444733427,0.0007789566745649598,0.001059922901090711,0.0014057883364528023,0.001843618174132789,0.0023753305609738305,0.0030007747438156266,0.0037197319205413263,0.0045319315697320145,0.005436879294955795
-3.614007241618348e-20,2.159678333662475e-5,8.659515711140592e-5,0.0001948002988326191,0.0003462606679748243,0.0005409805914597105,0.0007789337543387784,0.001058328335019126,0.0013564775847413524,0.0016542831877332722,0.0019519801022478925,0.0022494850420841954,0.0025466916136936643,0.002843493017941306,0.0031397853534689915
-3.614007241618348e-20,2.1596784171263065e-5,8.65951870976809e-5,0.0001948006197040166,0.0003462627682696631,0.0005409884471990314,0.0007789479409726976,0.0010598666438604188,0.0014053623690054716,0.001842909972976142,0.0023741441255825642,0.002998945883219816,0.0037171030208761873,0.004528346144122608,0.005432181627038283
-3.614007241618348e-20,2.1596783800536452e-5,8.659515882165438e-5,0.00019480030057780233,0.0003462606538001999,0.0005409804884834872,0.0007789335315341392,0.0010583302442646189,0.0013565352739997032,0.0016543848211546359,0.0019522104490857612,0.002250036056657379,0.0025478620786218856,0.0028456882276607204,0.0031435145285363653
-3.614007241618348e-20,2.159678642597762e-5,8.659520862534151e-5,0.00019480076236251572,0.00034626348526527396,0.0005409902791190728,0.0007789330724696295,0.0010595601263493964,0.001423471268060975,0.0019189712833057539,0.0025496710003251677,0.0033153906373523333,0.00421585255545346,0.005250671121082883,0.006418885284614818
-3.614007241618348e-20,2.1596786055558844e-5,8.659518058524609e-5,0.00019480044066762055,0.0003462613079389912,0.0005409815645658222,0.0007789116092374818,0.0010579665946517619,0.001374969811978308,0.0017330957438717572,0.0021344240114672245,0.002578965013196914,0.0030666865254412525,0.003597515935627928,0.004171060958395367
-3.614007241618348e-20,2.1596774827792423e-5,8.659509438157686e-5,0.00019479999085935906,0.0003462594916920662,0.0005409786760121447,0.0007789962622032151,0.0010610822185234071,0.00132536857970892,0.0015012414938892747,0.001582819862575804,0.0015700221364968847,0.0014628528377590754,0.001261369166091669,0.0009658568478083423
-3.614007241618348e-20,2.1596776036530858e-5,8.65950852318225e-5,0.00019479981513514507,0.0003462581769833597,0.00054097347250124,0.0007789747073113831,0.0010592956402008307,0.0012988654037006976,0.0014080158205974575,0.0013815692365213338,0.0012194754356901168,0.0009217895752828524,0.0004886796835699068,-7.910290146860189e-5
-3.614007241618348e-20,2.1596779844820025e-5,8.659514502064415e-5,0.00019480034760301255,0.00034626147452192067,0.0005409859500693359,0.0007789860247401168,0.001060536413212811,0.0013662050799619291,0.0016736813277430766,0.0019811769541341452,0.002288676245448639,0.0025961766326079035,0.002903677219868976,0.0032111779612593433
-3.614007241618348e-20,2.1596781414171065e-5,8.659513608907104e-5,0.00019480015525683668,0.00034625996911834354,0.0005409791908333947,0.000778953884033286,0.001058688094174705,0.0013384222920241014,0.0015763968727974845,0.0017711152842350558,0.0019225701239316436,0.002030750962309284,0.0020956864947813255,0.00211772744072051
-3.614007241618348e-20,2.1596779726436607e-5,8.659514402361669e-5,0.00019480033421746088,0.0003462613325205881,0.0005409847645197464,0.0007789776590180178,0.0010604837608308045,0.0013656909289522583,0.0016726956032970123,0.0019793248923729596,0.002285483737314223,0.002591065981523137,0.0028959621819667322,0.0032000668121414193
-3.614007241618348e-20,2.159678146393607e-5,8.659513626068945e-5,0.00019480015452626103,0.0003462599579314534,0.0005409791503666457,0.000778954142013643,0.0010586915907851813,0.0013383961257375943,0.0015762667939508322,0.0017708060444646438,0.0019220067663972716,0.002029858539079225,0.002094390137728008,0.00211595292494306
-3.614007241618348e-20,2.159678215945557e-5,8.659516696264778e-5,0.00019480048669156443,0.0003462621151476797,0.0005409869738150227,0.000778964340201692,0.0010601773897797285,0.0013846056669258883,0.001752225505775532,0.002163010115185096,0.0026169294757472958,0.003113947530953887,0.003653990432654467,0.00423666584793864
-3.614007241618348e-20,2.159678366496437e-5,8.659515780695437e-5,0.00019480029411045796,0.0003462606110227813,0.0005409802239101095,0.0007789322130898127,0.0010583279380374597,0.001356836094378166,0.0016550269715816333,0.0019531949462647143,0.0022513629274306304,0.002549531324380218,0.0028476998563920094,0.0031458686087229783
-3.614007241618348e-20,4.000818954197812e-19,1.3284300056104943e-18,2.2821891042188367e-18,3.0408482806429382e-18,3.902563132316313e-18,4.690303773262812e-18,5.233534236768571e-18,5.118055411626234e-18,4.746772636413099e-18,4.323820851417452e-18,3.8624702394796095e-18,3.2142076905143182e-18,2.7138935630027783e-18,2.7308342219478643e-18
-3.614007241618348e-20,-4.856933136779548e-12,-4.997799910393956e-11,-3.504743644599412e-10,-1.9059368704678133e-9,-6.458811730616363e-9,1.7601420508457058e-8,6.037758992279738e-7,-4.013012654120528e-5,-0.00017121116305895653,-0.00039634652548102485,-0.0007155296289078221,-0.0011286541062675783,-0.001635556795284126,-0.0022358477063851973
-3.614007241618348e-20,4.856823054118968e-12,4.997757413311036e-11,3.5047344371254e-10,1.9059352968725917e-9,6.458809371562407e-9,-1.760142376167852e-8,-6.037759034594799e-7,4.0130126535934925e-5,0.000171211163052602,0.0003963465254735562,0.0007155296288992194,0.0011286541062578328,0.0016355567952732288,0.0022358477063731583
-3.614007241618348e-20,-1.0844760464717833e-16,-4.1884254582420094e-16,-9.071443344220963e-16,-1.5494480066034534e-15,-2.322266468118174e-15,-3.201637439232749e-15,-4.163434315821903e-15,-5.185480081260623e-15,-6.251243193517349e-15,-7.345836483855454e-15,-8.457862559280998e-15,-9.577941094591775e-15,-1.070176379787373e-14,-1.1820439646623854e-14
-3.614007241618348e-20,4.856933540249575e-12,4.997800135055328e-11,3.50474369407743e-10,1.9059368782593873e-9,6.4588117411715225e-9,-1.760142049514396e-8,-6.037758992122075e-7,4.013012654122272e-5,0.0001712111630589753,0.00039634652548104285,0.0007155296289078362,0.0011286541062675867,0.0016355567952841318,0.0022358477063851956
-3.614007241618348e-20,3.247806664088739e-18,1.28421488576382e-17,2.859187947888466e-17,4.958700279816125e-17,7.557312658697593e-17,1.0680859589424126e-16,1.4307769966272316e-16,1.8389113519322436e-16,2.288736668901112e-16,2.770082905280471e-16,3.2727150796243304e-16,3.7923472052195834e-16,4.322239723249244e-16,4.854724162097502e-16
-3.614007241618348e-20,7.067701509346829e-12,7.103161258960524e-11,4.836632222896415e-10,2.509131992399359e-9,7.239619990506298e-9,-4.068885649635959e-8,-9.672325597531689e-7,5.7617303141033835e-5,0.0002462750473679731,0.0005704199901385572,0.0010300201956140312,0.0016249143545288963,0.002354827678134831,0.00321890493064732
-3.614007241618348e-20,2.4123699177784597e-12,2.2654198620135574e-11,1.4435593932509653e-10,6.780644234906695e-10,1.2166163849877112e-9,-2.1201934178954695e-8,-3.615684276139072e-7,1.829088193365897e-5,7.84215391497972e-5,0.00018181864058988708,0.00032849127890183103,0.000518428631296595,0.000751580016859489,0.0010275736132422336
-3.614007241618348e-20,-4.856821101990369e-12,-4.997756660750497e-11,-3.5047342733007575e-10,-1.905935268501223e-9,-6.4588093285088515e-9,1.7601423821410157e-8,6.037759035372539e-7,-4.013012653583778e-5,-0.00017121116305248414,-0.00039634652547341766,-0.0007155296288990585,-0.0011286541062576472,-0.0016355567952730228,-0.0022358477063729276
-3.614007241618348e-20,-7.067703310703563e-12,-7.103161934017549e-11,-4.836632364571145e-10,-2.5091320164703412e-9,-7.23962002678246e-9,4.0688856445911715e-8,9.67232559687682e-7,-5.761730314111425e-5,-0.00024627504736806787,-0.000570419990138666,-0.0010300201956141548,-0.0016249143545290234,-0.002354827678134982,-0.0032189049306474873
-3.614007241618348e-20,2.593332540176916e-18,9.100521985300203e-18,1.8349839425001412e-17,2.7716894444370966e-17,3.369638236335482e-17,3.42046021317074e-17,2.7529135474396265e-17,1.2589733039356418e-17,-1.0893126046006054e-17,-4.194083638329668e-17,-7.967276605168674e-17,-1.227666966205123e-16,-1.6999668907078056e-16,-2.1936741612307622e-16
-3.614007241618348e-20,-2.412463881966742e-12,-2.2654563013709483e-11,-1.4435672958227236e-10,-6.780657749563008e-10,-1.2166184126442617e-9,2.1201931380327625e-8,3.615684239703777e-7,-1.8290881938201983e-5,-7.842153915527872e-5,-0.0001818186405963321,-0.00032849127890925705,-0.0005184286313050137,-0.0007515800168689064,-0.001027573613252642
-3.614007241618348e-20,1.1020152753662624e-16,4.2587037818756987e-16,9.218149450685408e-16,1.5737762045701757e-15,2.357556119455314e-15,3.2492101976823394e-15,4.224415888170845e-15,5.259759223848511e-15,6.33894159674427e-15,7.446308426271286e-15,8.571598472962202e-15,9.706249927786173e-15,1.0845312165510811e-14,1.1979356015367286e-14
-3.614007241618348e-20,-2.4123719698569465e-12,-2.265420679767399e-11,-1.4435595619121657e-10,-6.780644511318957e-10,-1.2166164242911693e-9,2.1201934127383375e-8,3.6156842754956656e-7,-1.829088193373569e-5,-7.842153914988575e-5,-0.00018181864058998594,-0.00032849127890194254,-0.0005184286312967195,-0.0007515800168596243,-0.0010275736132423822
-3.614007241618348e-20,2.412451721961751e-12,2.2654515384764515e-11,1.443566262174301e-10,6.780655980695634e-10,1.2166181464393118e-9,-2.1201931749254804e-8,-3.6156842445314894e-7,1.8290881937596266e-5,7.842153915454405e-5,0.00018181864059546482,0.0003284912789082556,0.0005184286313038754,0.0007515800168676306,0.00102757361325123
-3.614007241618348e-20,4.2266944067989587e-19,1.480613591800517e-18,1.703383256928398e-18,4.441276086770048e-19,-1.8866247178510784e-18,-5.370753574223767e-18,-1.0079974416641926e-17,-1.506052814649721e-17,-2.0570759812702188e-17,-2.6111484665008317e-17,-3.18001579387682e-17,-3.743010359485178e-17,-4.322973818470197e-17,-4.8854601643102034e-17
1.8352380523843175e-20,-6.776452998885053e-5,-0.00027137368748315465,-0.0006103761304428764,-0.001084779537800453,-0.0016944510049599442,-0.002439222930745226,-0.0033195628853836708,-0.0042730596646930194,-0.005232564279192667,-0.006192072258840845,-0.007151574203244134,-0.008111077036682617,-0.009070580259541513,-0.010030083562190413
1.8352380523843175e-20,-6.776452654704941e-5,-0.00027137363870776825,-0.0006103757544052652,-0.0010847775742919136,-0.0016944450103520135,-0.0024391739094051226,-0.003315829973947026,-0.004214599540934,-0.005024834347486024,-0.0057411029729023235,-0.006363145183973397,-0.006890745936350939,-0.007323741813125593,-0.007662200030244104
1.8352380523843175e-20,-6.776452654693919e-5,-0.00027137363870734205,-0.0006103757544043446,-0.0010847775742903452,-0.0016944450103496655,-0.0024391739094018986,-0.003315829973942847,-0.004214599540928799,-0.005024834347479777,-0.005741102972894963,-0.00636314518396494,-0.006890745936341345,-0.007323741813114859,-0.007662200030232237
1.8352380523843175e-20,-6.77645231725449e-5,-0.0002713735957333067,-0.0006103753992737975,-0.0010847752960390688,-0.001694433776253513,-0.002439115886144476,-0.003314073141699072,-0.004189030371943137,-0.0049337122468925,-0.005543369008138222,-0.006017758121673097,-0.0063567053213699,-0.006560149309780837,-0.006628615084760085
1.8352380523843175e-20,-6.776453698932124e-5,-0.00027137374561517864,-0.0006103764975987611,-0.0010847814838586627,-0.0016944579688912553,-0.0024392123593943616,-0.003319030734852677,-0.004314256269642671,-0.005404453699449071,-0.006587257725231572,-0.007862279899748475,-0.00922908094946227,-0.010687165946852902,-0.012235821862025166
1.8352380523843175e-20,-6.776453169495515e-5,-0.0002713736886207871,-0.0006103760948365178,-0.0010847794085365509,-0.001694451386975551,-0.002439160462886412,-0.003315286997137793,-0.004255843746816457,-0.0051976084008603495,-0.006139354439442041,-0.007081104759755152,-0.008022857001153239,-0.008964609688477643,-0.00990636284859038
1.8352380523843175e-20,-6.776453158213314e-5,-0.000271373688027462,-0.0006103760862143719,-0.001084779301099363,-0.0016944503731902568,-0.002439152589871542,-0.0033152328482149926,-0.0042551384277067705,-0.005196097185798674,-0.006136290528535025,-0.007075434378942087,-0.00801319551858185,-0.00894923744178485,-0.009883234452802847
1.8352380523843175e-20,-6.776452812547362e-5,-0.0002713736440127744,-0.0006103757219134588,-0.0010847769564100778,-0.0016944387362477819,-0.0024390926704800724,-0.003313469880890721,-0.004228809018771624,-0.005102036999802227,-0.005932183555641794,-0.00671922843605792,-0.007463113533434696,-0.008163820251698806,-0.008821653173006176
1.8352380523843175e-20,-6.776453698943543e-5,-0.00027137374561561823,-0.0006103764975997136,-0.001084781483860288,-0.001694457968893689,-0.002439212359397728,-0.0033190307348570434,-0.004314256269648103,-0.005404453699455615,-0.006587257725239239,-0.007862279899757333,-0.009229080949472305,-0.01068716594686414,-0.012235821862037604
1.8352380523843175e-20,-6.77645315823483e-5,-0.00027137368802829443,-0.0006103760862161763,-0.0010847793011024463,-0.0016944503731948768,-0.002439152589877906,-0.003315232848223262,-0.004255138427717063,-0.005196097185811092,-0.006136290528549616,-0.007075434378958918,-0.0080131955186009,-0.008949237441806148,-0.00988323445282639
1.8352380523843175e-20,-6.776453169496381e-5,-0.0002713736886208209,-0.0006103760948365919,-0.0010847794085366768,-0.001694451386975743,-0.0024391604628866705,-0.003315286997138136,-0.00425584374681689,-0.005197608400860876,-0.006139354439442659,-0.0070811047597558715,-0.008022857001154066,-0.008964609688478554,-0.009906362848591406
1.8352380523843175e-20,-6.776452812558603e-5,-0.00027137364401320934,-0.0006103757219143986,-0.0010847769564116853,-0.001694438736250193,-0.0024390926704833914,-0.0033134698808950373,-0.004228809018776991,-0.005102036999808703,-0.00593218355564941,-0.0067192284360666635,-0.007463113533444608,-0.0081638202517099,-0.008821653173018442
1.8352380523843175e-20,-6.776453938784202e-5,-0.000271373767523144,-0.0006103766393540699,-0.0010847821914779113,-0.0016944598088920696,-0.0024391981412940286,-0.0033187308901582407,-0.004332742311728755,-0.005480868236662544,-0.006762696369017535,-0.008177766258676064,-0.009725564760124965,-0.011405473804118648,-0.013216312470497834
1.8352380523843175e-20,-6.776453349166257e-5,-0.00027137370800021503,-0.000610376223201927,-0.0010847799920683115,-0.0016944520984119467,-0.002439137482352756,-0.003314926726252596,-0.004274420885487792,-0.005276207923046617,-0.006320725091033778,-0.007407933096127446,-0.00853774970999393,-0.009710054784726729,-0.010924415101890975
1.8352380523843175e-20,-6.776453349156794e-5,-0.0002713737079998488,-0.0006103762232011377,-0.0010847799920669695,-0.001694452098409944,-0.00243913748235,-0.003314926726249041,-0.004274420885483375,-0.005276207923041312,-0.00632072509102756,-0.0074079330961203385,-0.008537749709985906,-0.00971005478471778,-0.01092441510188115
1.8352380523843175e-20,-6.776453042708185e-5,-0.0002713736654442589,-0.0006103758551664421,-0.00108477755024664,-0.0016944394701477801,-0.002439069710057023,-0.0033131080839218677,-0.004247417588233943,-0.005180856901272978,-0.006114244101496411,-0.007047633989249415,-0.007981025489802202,-0.008914417442570552,-0.009847810086928721
1.8352380523843175e-20,-2.159677916783908e-5,-8.659513690054462e-5,-0.00019480027381096006,-0.00034626091522737716,-0.0005409823191349494,-0.0007789666311238756,-0.0010604672485630482,-0.0013649696165505421,-0.0016714422198619721,-0.0019779188129321235,-0.002284395357732977,-0.002590872598591116,-0.0028973500305237002,-0.0032038274969230355
1.8352380523843175e-20,-2.1596774827782787e-5,-8.659509438154009e-5,-0.00019479999085928045,-0.00034625949169193307,-0.0005409786760119423,-0.0007789962622029405,-0.0010610822185230476,-0.0013253685797084706,-0.0015012414938887313,-0.001582819862575163,-0.0015700221364961494,-0.0014628528377582384,-0.0012613691660907343,-0.0009658568478073038
1.8352380523843175e-20,-2.159677882418163e-5,-8.659510891953727e-5,-0.00019479995723389442,-0.00034625881961426714,-0.0005409744773831026,-0.0007789527934002837,-0.0010589340982944508,-0.0013161259435398205,-0.0014826435307382587,-0.001555049381560028,-0.0015332718921124637,-0.0014173149109377276,-0.0012072383548380606,-0.0009033304519296695
1.8352380523843175e-20,-2.1596776036513856e-5,-8.659508523175628e-5,-0.00019479981513500144,-0.0003462581769831126,-0.0005409734725008685,-0.0007789747073108662,-0.0010592956402001596,-0.0012988654036998563,-0.0014080158205964381,-0.0013815692365201331,-0.0012194754356887282,-0.0009217895752812785,-0.0004886796835681463,7.910290147054887e-5
1.8352380523843175e-20,-2.159678420746707e-5,-8.659518774871925e-5,-0.00019480063203578617,-0.00034626290712375275,-0.0005409896444732103,-0.0007789566745647806,-0.0010599229010904798,-0.001405788336452514,-0.001843618174132446,-0.002375330560973429,-0.0030007747438151656,-0.003719731920540816,-0.004531931569731469,-0.005436879294955177
1.8352380523843175e-20,-2.159677984481619e-5,-8.659514502062866e-5,-0.00019480034760297753,-0.00034626147452185865,-0.0005409859500692414,-0.0007789860247399858,-0.0010605364132126379,-0.0013662050799617047,-0.0016736813277428016,-0.001981176954133813,-0.0022886762454482385,-0.00259617663260745,-0.002903677219868461,-0.0032111779612587683
1.8352380523843175e-20,-2.159678333662178e-5,-8.659515711139397e-5,-0.00019480029883259272,-0.00034626066797478137,-0.0005409805914596506,-0.0007789337543387004,-0.0010583283350190339,-0.001356477584741241,-0.0016542831877331436,-0.0019519801022477511,-0.0022494850420840436,-0.0025466916136934986,-0.00284349301794113,-0.0031397853534687985
1.8352380523843175e-20,-2.159678141416107e-5,-8.659513608903198e-5,-0.00019480015525675054,-0.000346259969118193,-0.0005409791908331646,-0.0007789538840329626,-0.0010586880941742813,-0.0013384222920235723,-0.0015763968727968267,-0.0017711152842342787,-0.0019225701239307424,-0.002030750962308247,-0.0020956864947801646,-0.002117727440719218
1.8352380523843175e-20,-2.1596784171268286e-5,-8.659518709770154e-5,-0.00019480061970406236,-0.0003462627682697449,-0.0005409884471991579,-0.0007789479409728767,-0.0010598666438606575,-0.0014053623690057837,-0.001842909972976524,-0.0023741441255830252,-0.0029989458832203534,-0.003717103020876815,-0.00452834614412331,-0.005432181627039077
1.8352380523843175e-20,-2.1596779726436332e-5,-8.659514402361582e-5,-0.00019480033421745974,-0.00034626133252058854,-0.0005409847645197499,-0.0007789776590180229,-0.001060483760830815,-0.0013656909289522718,-0.0016726956032970264,-0.0019793248923729756,-0.0022854837373142353,-0.002591065981523153,-0.0028959621819667405,-0.0032000668121414215
1.8352380523843175e-20,-2.159678380053686e-5,-8.659515882165452e-5,-0.00019480030057780098,-0.0003462606538001966,-0.0005409804884834795,-0.0007789335315341283,-0.0010583302442646063,-0.0013565352739996872,-0.0016543848211546077,-0.0019522104490857456,-0.002250036056657357,-0.0025478620786218618,-0.002845688227660704,-0.0031435145285363575
1.8352380523843175e-20,-2.1596781463933526e-5,-8.659513626067968e-5,-0.0001948001545262406,-0.00034625995793141797,-0.0005409791503665971,-0.0007789541420135785,-0.0010586915907851051,-0.0013383961257375006,-0.00157626679395074,-0.0017708060444645397,-0.001922006766397158,-0.0020298585390791054,-0.0020943901377278792,-0.0021159529249429308
1.8352380523843175e-20,-2.1596786425963387e-5,-8.659520862528521e-5,-0.00019480076236239304,-0.00034626348526506243,-0.000540990279118748,-0.0007789330724691747,-0.0010595601263487893,-0.0014234712680602027,-0.001918971283304794,-0.0025496710003240016,-0.003315390637350969,-0.00421585255545188,-0.005250671121081085,-0.006418885284612798
1.8352380523843175e-20,-2.159678215945891e-5,-8.659516696266107e-5,-0.00019480048669159302,-0.00034626211514772963,-0.0005409869738151024,-0.0007789643402018047,-0.0010601773897798833,-0.0013846056669260785,-0.0017522255057757707,-0.002163010115185388,-0.002616929475747629,-0.0031139475309542642,-0.003653990432654909,-0.004236665847939132
1.8352380523843175e-20,-2.1596786055555673e-5,-8.659518058523286e-5,-0.00019480044066759233,-0.000346261307938945,-0.0005409815645657539,-0.0007789116092373935,-0.001057966594651648,-0.0013749698119781698,-0.0017330957438715935,-0.002134424011467053,-0.002578965013196713,-0.003066686525441032,-0.003597515935627694,-0.004171060958395113
1.8352380523843175e-20,-2.1596783664969016e-5,-8.659515780697228e-5,-0.00019480029411049786,-0.00034626061102285095,-0.0005409802239102147,-0.0007789322130899581,-0.0010583279380376484,-0.0013568360943783985,-0.001655026971581909,-0.0019531949462650426,-0.0022513629274310016,-0.002549531324380645,-0.0028476998563924816,-0.0031458686087235
1.8352380523843175e-20,-2.1596779167797476e-5,-8.659513690039223e-5,-0.0001948002738106478,-0.0003462609152268744,-0.0005409823191342366,-0.0007789666311229468,-0.0010604672485618996,-0.0013649696165491778,-0.0016714422198603935,-0.0019779188129303393,-0.002284395357730982,-0.0025908725985889147,-0.002897350030521296,-0.0032038274969204417
1.8352380523843175e-20,-2.1596778824237054e-5,-8.659510891976042e-5,-0.00019479995723439616,-0.00034625881961515553,-0.0005409744773844782,-0.0007789527934022361,-0.0010589340982970483,-0.0013161259435431234,-0.0014826435307423232,-0.001555049381564869,-0.0015332718921181217,-0.0014173149109442025,-0.0012072383548453608,-0.0009033304519378073
1.8352380523843175e-20,-2.1596774827642386e-5,-8.659509438100595e-5,-0.00019479999085814375,-0.0003462594916900233,-0.0005409786760091278,-0.0007789962621991176,-0.0010610822185181407,-0.0013253685797024316,-0.0015012414938815257,-0.0015828198625667785,-0.0015700221364865579,-0.0014628528377474404,-0.001261369166078724,-0.000965856847794105
1.8352380523843175e-20,-2.1596776036481405e-5,-8.659508523164034e-5,-0.0001947998151347721,-0.0003462581769827578,-0.000540973472500387,-0.000778974707310265,-0.0010592956401994538,-0.0012988654036990618,-0.001408015820595576,-0.001381569236519215,-0.0012194754356877736,-0.0009217895752802924,-0.0004886796835671428,7.91029014715544e-5
1.8352380523843175e-20,-2.159678417110883e-5,-8.659518709709366e-5,-0.00019480061970276322,-0.0003462627682675545,-0.0005409884471959152,-0.0007789479409684561,-0.0010598666438549622,-0.0014053623689987444,-0.0018429099729681032,-0.0023741441255731893,-0.002998945883209088,-0.003717103020864112,-0.0045283461441091785,-0.005432181627023515
1.8352380523843175e-20,-2.159678380047875e-5,-8.659515882143904e-5,-0.00019480030057735363,-0.0003462606537994632,-0.0005409804884824231,-0.0007789335315327241,-0.0010583302442628356,-0.0013565352739975459,-0.0016543848211520958,-0.0019522104490828423,-0.0022500360566540772,-0.002547862078618206,-0.0028456882276566638,-0.003143514528531948
1.8352380523843175e-20,-2.1596779726167613e-5,-8.659514402258431e-5,-0.00019480033421524374,-0.00034626133251683156,-0.0005409847645141604,-0.0007789776590103648,-0.0010604837608209118,-0.00136569092894,-0.001672695603282289,-0.0019793248923557234,-0.002285483737294433,-0.002591065981500784,-0.0028959621819418017,-0.0032000668121139404
1.8352380523843175e-20,-2.1596781463790106e-5,-8.659513626013449e-5,-0.00019480015452507974,-0.0003462599579294677,-0.0005409791503637186,-0.0007789541420096636,-0.0010586915907800753,-0.0013383961257313023,-0.0015762667939433256,-0.0017708060444558875,-0.001922006766387263,-0.002029858539067958,-0.002094390137715463,-0.002115952924929272
1.8352380523843175e-20,-2.159678420752765e-5,-8.65951877489612e-5,-0.00019480063203632743,-0.000346262907124705,-0.0005409896444746761,-0.0007789566745668433,-0.0010599229010932129,-0.001405788336455974,-0.0018436181741366706,-0.002375330560978445,-0.0030007747438209804,-0.0037197319205474638,-0.004531931569738905,-0.005436879294963461
1.8352380523843175e-20,-2.159678333677987e-5,-8.659515711201443e-5,-0.00019480029883395697,-0.00034626066797714255,-0.0005409805914632239,-0.0007789337543436755,-0.0010583283350255504,-0.0013564775847494076,-0.0016542831877430426,-0.0019519801022594378,-0.0022494850420975415,-0.002546691613708818,-0.002843493017958287,-0.003139785353487794
1.8352380523843175e-20,-2.1596779844774563e-5,-8.659514502047692e-5,-0.00019480034760267057,-0.00034626147452136957,-0.0005409859500685516,-0.000778986024739096,-0.0010605364132115457,-0.0013662050799604227,-0.001673681327741334,-0.00198117695413217,-0.002288676245446437,-0.0025961766326054706,-0.0029036772198663165,-0.003211177961256476
1.8352380523843175e-20,-2.159678141422274e-5,-8.659513608927908e-5,-0.00019480015525730646,-0.0003462599691191754,-0.0005409791908346798,-0.0007789538840351057,-0.001058688094177127,-0.001338422292027186,-0.0015763968728012558,-0.0017711152842395464,-0.0019225701239368646,-0.002030750962315249,-0.0020956864947880367,-0.002117727440727978
1.8352380523843175e-20,-2.1596786425916296e-5,-8.659520862511341e-5,-0.00019480076236204306,-0.0003462634852645004,-0.0005409902791179609,-0.0007789330724681493,-0.0010595601263475396,-0.0014234712680587305,-0.0019189712833031136,-0.0025496710003221302,-0.0033153906373489055,-0.004215852555449625,-0.005250671121078667,-0.006418885284610216
1.8352380523843175e-20,-2.159678605561281e-5,-8.659518058546304e-5,-0.00019480044066811175,-0.0003462613079398657,-0.0005409815645671772,-0.0007789116092394104,-0.001057966594654329,-0.001374969811981577,-0.001733095743875774,-0.002134424011472016,-0.0025789650132024967,-0.003066686525447639,-0.0035975159356351097,-0.004171060958403383
1.8352380523843175e-20,-2.159678215930484e-5,-8.659516696207384e-5,-0.00019480048669034066,-0.00034626211514562086,-0.0005409869738119831,-0.0007789643401975628,-0.00106017738977442,-0.0013846056669193417,-0.0017522255057677192,-0.0021630101151759924,-0.0026169294757368727,-0.003113947530942149,-0.0036539904326414172,-0.004236665847924299
1.8352380523843175e-20,-2.1596783664927724e-5,-8.659515780682081e-5,-0.0001948002941101879,-0.0003462606110223501,-0.0005409802239095075,-0.0007789322130890339,-0.001058327938036507,-0.0013568360943770437,-0.001655026971580349,-0.001953194946263275,-0.0022513629274290435,-0.0025495313243784983,-0.0028476998563901376,-0.003145868608720972
1.8352380523843175e-20,1.4992483166401116e-19,1.13911184024605e-18,2.806789870264204e-18,4.609289531320208e-18,6.833649017545433e-18,9.184378247078379e-18,1.1876501024400851e-17,1.5583147474953114e-17,1.91311481548911e-17,2.2228061689475107e-17,2.5388134536072647e-17,2.8330918216455305e-17,3.122829073067354e-17,3.403400590677372e-17
1.8352380523843175e-20,4.856827036585542e-12,4.997758937544245e-11,3.5047347705764254e-10,1.905935354707913e-9,6.45880946042515e-9,-1.760142363501745e-8,-6.037759032884078e-7,4.013012653615629e-5,0.0001712111630528796,0.00039634652547389525,0.0007155296288996238,0.0011286541062583016,0.0016355567952737696,0.0022358477063737655
1.8352380523843175e-20,4.8569288928621375e-12,4.997798348978829e-11,3.50474331392568e-10,1.9059368136352187e-9,6.458811644826927e-9,-1.7601420627335872e-8,-6.037758993830047e-7,4.013012654101178e-5,0.00017121116305872323,0.0003963465254807485,0.0007155296289075031,0.001128654106267213,0.0016355567952837165,0.002235847706384744
1.8352380523843175e-20,7.067701529957964e-12,7.10316117541728e-11,4.836632183196241e-10,2.5091319825965184e-9,7.239619972120669e-9,-4.068885652708853e-8,-9.672325597999859e-7,5.761730314096753e-5,0.0002462750473678835,0.0005704199901384416,0.0010300201956138888,0.0016249143545287198,0.0023548276781346278,0.00321890493064709
1.8352380523843175e-20,-4.856821151965313e-12,-4.997756631462752e-11,-3.5047342653826367e-10,-1.9059352671050936e-9,-6.45880932642778e-9,1.760142382395944e-8,6.037759035408459e-7,-4.013012653583301e-5,-0.00017121116305247888,-0.0003963465254734108,-0.0007155296288990481,-0.0011286541062576344,-0.001635556795273011,-0.002235847706372917
1.8352380523843175e-20,6.696360136676747e-18,2.607057369830188e-17,5.712743532772346e-17,9.782456910775799e-17,1.4672149283809422e-16,2.0231269007442662e-16,2.6342135252063266e-16,3.285135406074236e-16,3.9678822765671753e-16,4.665583971450495e-16,5.376141326911032e-16,6.091902723759325e-16,6.80921363944735e-16,7.522596825860104e-16
1.8352380523843175e-20,1.109133175566356e-16,4.2912709136835464e-16,9.295192372017154e-16,1.587468608333276e-15,2.3781845458320423e-15,3.278050822503401e-15,4.261977849211782e-15,5.3067963751311205e-15,6.39523469702259e-15,7.512192114800612e-15,8.64605634978849e-15,9.788146521370196e-15,1.0933786383849567e-14,1.2074190665402805e-14
1.8352380523843175e-20,2.4124676097587428e-12,2.2654576711906428e-11,1.4435675894735867e-10,6.780658249262901e-10,1.2166184867876846e-9,-2.1201931279505578e-8,-3.615684238413998e-7,1.8290881938359954e-5,7.842153915546677e-5,0.00018181864059655227,0.00032849127890950723,0.0005184286313052946,0.0007515800168692164,0.00102757361325298
1.8352380523843175e-20,-4.856930811391763e-12,-4.997798986773959e-11,-3.504743442007532e-10,-1.905936834481018e-9,-6.458811674579657e-9,1.7601420588161164e-8,6.037758993345442e-7,-4.0130126541069246e-5,-0.00017121116305878934,-0.00039634652548082536,-0.0007155296289075874,-0.0011286541062673092,-0.0016355567952838258,-0.0022358477063848664
1.8352380523843175e-20,-1.1641253779452626e-16,-4.499188877751561e-16,-9.74473533636342e-16,-1.6651758073650745e-15,-2.49639489273307e-15,-3.4432767396709294e-15,-4.480805360473015e-15,-5.584778471204195e-15,-6.737162313257812e-15,-7.921417155373135e-15,-9.125409467969394e-15,-1.0339698554902956e-14,-1.1559290466598291e-14,-1.2774347564894999e-14
1.8352380523843175e-20,3.4787643143734115e-18,1.2561601569420685e-17,2.4182331995768825e-17,3.547316600596409e-17,4.278318940975556e-17,4.2807633432653584e-17,3.3624430747089077e-17,1.3787155282458247e-17,-1.758528079644858e-17,-5.911957114356525e-17,-1.104960380248271e-16,-1.7033205290652793e-16,-2.3640229590301567e-16,-3.057431961522871e-16
1.8352380523843175e-20,2.4123686963569498e-12,2.265419419204983e-11,1.4435592872536363e-10,6.780644043708177e-10,1.2166163539885292e-9,-2.1201934225245045e-8,-3.6156842767897487e-7,1.829088193357159e-5,7.842153914968456e-5,0.00018181864058974766,0.0003284912789016646,0.0005184286312964008,0.0007515800168592721,0.0010275736132419864
1.8352380523843175e-20,-7.067714547442641e-12,-7.103166323379836e-11,-4.83663332153432e-10,-2.5091321801479998e-9,-7.23962027244766e-9,4.068885610641752e-8,9.672325592443712e-7,-5.76173031416708e-5,-0.0002462750473687457,-0.0005704199901394712,-0.00103002019561509,-0.0016249143545301065,-0.0023548276781361834,-0.0032189049306488213
1.8352380523843175e-20,-2.412465654524356e-12,-2.2654568877765752e-11,-1.4435674184499248e-10,-6.780657949584035e-10,-1.2166184411892807e-9,2.1201931343046036e-8,3.615684239238202e-7,-1.8290881938258724e-5,-7.842153915534702e-5,-0.00018181864059641387,-0.00032849127890935485,-0.0005184286313051298,-0.0007515800168690388,-0.0010275736132527955
1.8352380523843175e-20,-2.4123609157946407e-12,-2.265416466473345e-11,-1.4435586548160065e-10,-6.780642967837882e-10,-1.2166161932315844e-9,2.120193444663348e-8,3.615684279662738e-7,-1.8290881933215032e-5,-7.842153914925691e-5,-0.0001818186405892465,-0.0003284912789010882,-0.0005184286312957533,-0.0007515800168585475,-0.0010275736132411902
1.8352380523843175e-20,-2.665330340693532e-19,-1.1512746937357108e-18,-1.8691626429492807e-18,-2.593141431375997e-18,-3.4560615925980457e-18,-3.920633168524405e-18,-4.41952671941802e-18,-5.553148002199193e-18,-6.824938834592362e-18,-8.590138857162239e-18,-1.0415044829372214e-17,-1.1750601419006943e-17,-1.2699970133063045e-17,-1.3734573883152582e-17
