x1,x2,x3,x4,x5,x6,x7,x8,x9,x10,x11,x12,x13,x14,x15,x16,x17,x18,x19,x20,x21,x22,x23,x24,x25,x26,x27
0.00039999999999999525,0.00039999999999999525,0.00039999999999999525,0.00039999999999999525,0.00039999999999999525,0.00039999999999999525,0.00039999999999999525,0.00039999999999999525,0.00039999999999999525,0.00039999999999999525,0.00039999999999999525,0.00039999999999999525,0.00039999999999999525,0.00039999999999999525,0.00039999999999999525,0.00039999999999999525,0.00039999999999999525,0.00039999999999999525,0.00039999999999999525,0.00039999999999999525,0.00039999999999999525,0.00039999999999999525,0.00039999999999999525,0.00039999999999999525,0.00039999999999999525,0.00039999999999999525,0.00039999999999999525
0.00041009778952030975,0.0004100977895212926,0.00041009778952060753,0.00041009779440995665,0.0004100977927638536,0.0004100977927414857,0.00041009779055061705,0.0004100977896385264,0.00041009779055157527,0.00041010833884660584,0.00041010833545444093,0.00041010833830756703,0.0004101083416980277,0.0004101083416927121,0.0004101083416922074,0.00041010834086058873,0.00041010834086170194,0.0004101083408608213,0.00041010116322100725,0.0004101011637503286,0.0004101011636966527,0.00041010116988490585,0.0004101011698490122,0.00041010116984083737,0.00041010116678731856,0.00041010116616854096,0.0004101011653496395
0.00045889966595363395,0.0004588996659567406,0.0004588996659545645,0.0004588996825013502,0.0004588996762263329,0.0004588996761412366,0.00045889966921252646,0.0004588996657346718,0.0004588996692155759,0.0004589330313763929,0.00045893301844395016,0.0004589330293212733,0.0004589330405576623,0.0004589330405368818,0.0004589330405351227,0.00045893303790598333,0.0004589330379092477,0.0004589330379063782,0.0004589103555417672,0.00045891035755864576,0.000458910357354641,0.0004589103769863809,0.0004589103768486612,0.0004589103768177837,0.00045891036716083774,0.0004589103648000709,0.0004589103616794279
0.000552983264549237,0.0005529832645551909,0.0005529832645510043,0.000552983297930774,0.0005529832842679236,0.0005529832840828569,0.000552983270798355,0.0005529832632247091,0.0005529832708042303,0.0005530472346878261,0.0005530472065275059,0.0005530472302127335,0.0005530472525339975,0.0005530472524880945,0.0005530472524844732,0.0005530472474471576,0.0005530472474530206,0.0005530472474473917,0.0005530038098138947,0.0005530038142041765,0.0005530038137607604,0.0005530038514908114,0.0005530038511898179,0.0005530038511229482,0.0005530038326092397,0.0005530038274665482,0.0005530038206731485
0.0006948518602468133,0.0006948518602566105,0.0006948518602497098,0.0006948519164595197,0.0006948518927188776,0.0006948518923974515,0.0006948518705328227,0.0006948518573720224,0.000694851870542514,0.0006949571221101961,0.0006949570731765363,0.0006949571143338536,0.0006949571516437457,0.0006949571515635325,0.0006949571515573829,0.0006949571432776521,0.0006949571432869808,0.0006949571432776252,0.0006948857624114874,0.0006948857700393208,0.0006948857692693604,0.0006948858314210852,0.0006948858308973047,0.0006948858307813557,0.0006948858003197158,0.0006948857913820067,0.0006948857795785756
0.00088419979236064,0.0008841997923757729,0.0008841997923651175,0.0008841998789566748,0.0008841998425158956,0.0008841998420224968,0.0008841998082492256,0.0008841997880481484,0.0008841998082641896,0.0008843623131897947,0.00088436223807693,0.0008843623012531569,0.0008843623586972983,0.0008843623585742286,0.0008843623585647694,0.0008843623458001534,0.0008843623458145666,0.0008843623458001543,0.0008842522785559992,0.0008842522902645985,0.0008842522890826542,0.0008842523850206027,0.000884252384216734,0.0008842523840387161,0.0008842523370124859,0.0008842523232936719,0.0008842523051756174
0.0011188747260204143,0.001118874726043296,0.0011188747260272205,0.0011188748534717897,0.0011188748017973973,0.0011188748010973596,0.001118874750039657,0.0011188747213958313,0.0011188747500622165,0.001119120249482307,0.0011191201429680277,0.0011191202325555995,0.0011191203175877212,0.001119120317414298,0.0011191203174005316,0.0011191202981555542,0.0011191202981780497,0.0011191202981565783,0.0011189541903026167,0.0011189542069080763,0.001118954205230681,0.001118954349944795,0.0011189543488068084,0.0011189543485537422,0.0011189542775255337,0.0011189542580758171,0.0011189542323810273
0.0013967881238947512,0.0013967881239290202,0.0013967881239050268,0.0013967883065914466,0.0013967882372386703,0.0013967882362981915,0.0013967881598543103,0.001396788121416268,0.0013967881598879416,0.001397155380040324,0.0013971552370858316,0.0013971553573230292,0.0013971554804580308,0.0013971554802280348,0.0013971554802086723,0.0013971554514937599,0.00139715545152915,0.001397155451497728,0.0013969070945335732,0.0013969071168253731,0.0013969071145707437,0.0013969073305078444,0.0013969073289853882,0.0013969073286441713,0.0013969072224382947,0.0013969071963450062,0.001396907161853211
0.0017162891795263276,0.0017162891795769646,0.0017162891795416443,0.001716289436159041,0.0017162893467664458,0.001716289345552484,0.0017162892326381507,0.0017162891831026144,0.0017162892326875938,0.00171683108568758,0.0017168309014264293,0.001716831056406688,0.0017168312314990606,0.0017168312312076162,0.0017168312311810511,0.001716831188924223,0.0017168311889792921,0.0017168311889340575,0.0017164646193590946,0.0017164646481019896,0.001716464645189748,0.0017164649629293751,0.0017164649609758055,0.0017164649605331387,0.0017164648038970828,0.001716464770282987,0.0017164647258128792
0.0020756557782636758,0.002075655778337833,0.002075655778286301,0.0020756561345102714,0.002075656022825994,0.0020756560213063976,0.0020756558560096256,0.0020756557941372725,0.002075655856081664,0.0020764481892245157,0.0020764479590170025,0.002076448152643239,0.002076448398950379,0.002076448398594684,0.0020764483985587913,0.0020764483369407893,0.002076448337025499,0.0020764483369610227,0.0020759116232294513,0.0020759116591562866,0.0020759116555075243,0.0020759121187535344,0.0020759121163276243,0.0020759121157697745,0.0020759118868724034,0.0020759118449080486,0.002075911789328816
0.00247358258219429,0.002473582582302053,0.0024735825822274314,0.002473583073205773,0.0024735829370924993,0.002473582935235873,0.00247358269512259,0.0024735826197419225,0.0024735826952267713,0.002474732357146316,0.002474732076590029,0.0024747323125658377,0.002474732656704694,0.0024747326562846368,0.0024747326562365845,0.002474732567063054,0.0024747325671916763,0.0024747325671003973,0.002473951735913439,0.002473951779724679,0.0024739517752614057,0.0024739524454296994,0.0024739524424967807,0.0024739524418092716,0.0024739521099412143,0.00247395205884906,0.0024739519910814823
0.0029091011304568483,0.0029091011306113935,0.0029091011305047033,0.002909101801382066,0.002909101638806574,0.002909101636582092,0.0029091012923461584,0.002909101202347926,0.002909101292494942,0.0029107478664800214,0.002910747531388409,0.002910747813236111,0.0029107482896781815,0.002910748289196452,0.002910748289132651,0.002910748161676638,0.0029107481618680397,0.0029107481617401208,0.002909625600613325,0.0029096256529806495,0.0029096256476253005,0.0029096266048338083,0.0029096266013657565,0.002909626600533249,0.0029096261256102117,0.0029096260646611625,0.002909625983672139
0.0033811136869054247,0.003381113687124901,0.0033811136869737832,0.003381114598994608,0.003381114408065226,0.003381114405442638,0.0033811139167276693,0.00338111381108838,0.003381113916938196,0.003383449827218504,0.003383449433699057,0.0033834497646941255,0.003383450420797772,0.003383450420261543,0.0033834504201771575,0.003383450239559713,0.0033834502398402805,0.0033834502396621552,0.003381849566028607,0.003381849627585717,0.0033818496212605674,0.003381850975854733,0.0033818509718333938,0.0033818509708390286,0.0033818502976232182,0.003381850226156399,0.003381850130974154
0.003888618030382979,0.0038886180306925144,0.0038886180304798677,0.003888619267544386,0.0038886190465243714,0.0038886190434736416,0.003888618354400827,0.0038886182321930867,0.003888618354696816,0.0038919109918742244,0.0038919105363575106,0.0038919109195043877,0.0038919118215708657,0.0038919118209936954,0.0038919118208820547,0.0038919115661254734,0.003891911566532625,0.0038919115662852458,0.003889640472275611,0.0038896405436170704,0.0038896405362426585,0.003889642441712632,0.003889642437133022,0.00388964243595755,0.003889641487579137,0.0038896414050132292,0.0038896412947302594
0.004430810123598848,0.0044308101240307885,0.004430810123734601,0.004430811793189482,0.004430811540477589,0.004430811536968573,0.004430810575609196,0.004430810435991256,0.004430810576021162,0.004435405588617524,0.004435405067817814,0.004435405505883089,0.004435406740605781,0.004435406740007981,0.004435406739860434,0.004435406383423279,0.004435406384006291,0.004435406383664711,0.004432213939096729,0.004432214020784709,0.00443221401227887,0.004432216667491389,0.004432216662361757,0.0044322166609832864,0.004432215337819134,0.004432215243646114,0.004432215117409004
0.005006687692098777,0.0050066876926967594,0.0050066876922873465,0.005006689938185709,0.0050066896523607365,0.005006689648362694,0.005006688317678173,0.005006688159924556,0.0050066883182472675,0.005013055035572527,0.0050130544465832325,0.005013054942015873,0.005013056629354196,0.005013056628766935,0.005013056628571598,0.005013056132206161,0.005013056133033641,0.0050130561325632955,0.005008599024842677,0.005008599117399183,0.00500859910767429,0.005008602783911213,0.005008602778260113,0.005008602776652367,0.0050086009427650095,0.0050086008365801595,0.005008600693604074
0.005615207979723636,0.0056152079805475265,0.005615207979984169,0.005615210999218694,0.005615210679059585,0.005615210674540126,0.00561520884137365,0.005615208664893441,0.005615208842156319,0.005623997146070968,0.005623996486412292,0.005623997041304254,0.00562399935214624,0.005623999351617032,0.005623999351357058,0.005623998660426635,0.005623998661596741,0.005623998660948345,0.0056178027772615146,0.005617802881170336,0.005617802870128448,0.005617807946682185,0.005617807940566928,0.005617807938696766,0.005617805403982304,0.005617805285509215,0.00561780512507826
0.006255511136878666,0.006255511138005008,0.006255511137235645,0.006255515181016442,0.006255514825473101,0.006255514820397675,0.006255512314478194,0.006255512118799479,0.006255512315546597,0.00626755904436134,0.006267558311922898,0.006267558928057539,0.006267562087535949,0.006267562087129551,0.00626756208678281,0.006267561129196224,0.006267561130838574,0.006267561129947166,0.006259023088524937,0.006259023204242209,0.006259023191773227,0.0062590301619884076,0.00625903015549578,0.006259030153322629,0.0062590266704847805,0.006259026539567436,0.006259026361019035
0.006926526659004808,0.00692652666053504,0.006926526659490688,0.006926532060183536,0.006926531668424265,0.006926531662754598,0.006926528258371654,0.006926528043179737,0.006926528259821416,0.006942949406410598,0.006942948599561267,0.0069429492783220585,0.006942953594268122,0.006942953594075432,0.0069429535936117275,0.006942952270670754,0.006942952272962905,0.006942952271739628,0.0069312869452398335,0.006931287073192659,0.006931287059166622,0.006931296590426924,0.006931296583687761,0.006931296581159512,0.006931291815639426,0.006931291672289817,0.006931291475022567
0.0076270828500712975,0.007627082852143099,0.007627082850730129,0.007627090058897721,0.0076270896303393355,0.007627089624030793,0.00762708501476145,0.007627084779931939,0.007627085016722351,0.00764939020618436,0.0076493893238545685,0.007649390066157292,0.00764939596458778,0.007649395964736826,0.007649395964114424,0.007649394139116407,0.007649394142304383,0.0076493941406262375,0.007633598899230016,0.007633599039824835,0.007633599024080373,0.007633612039698691,0.00763361203290706,0.007633612029954305,0.007633605518925424,0.0076336053633763055,0.007633605146845054
0.008356204776663998,0.00835620477945246,0.008356204777551805,0.008356214365885375,0.008356213900157844,0.008356213893158637,0.008356207689214253,0.008356207434795145,0.008356207691851369,0.008386288960517255,0.00838628800213138,0.0083862888084808,0.008386296828707505,0.008386296829361834,0.00838629682852794,0.008386294328369707,0.008386294332765143,0.00838629433047641,0.008365196987407732,0.008365197141040625,0.008365197123383773,0.008365214803843989,0.008365214797256769,0.008365214793792571,0.008365205945611099,0.008365205778304607,0.008365205542004837
0.009112731185350604,0.00911273118908323,0.00911273118654019,0.009112743898860118,0.009112743395853128,0.009112743388100902,0.00911273508292038,0.00911273480917956,0.009112735086448233,0.009152955257719754,0.009152954223316188,0.009152955093706207,0.009152965917278296,0.00915296591864604,0.009152965917533968,0.009152962523455762,0.009152962529452654,0.009152962526356546,0.009125252248133887,0.009125252415192466,0.009125252395385723,0.009125276260671647,0.00912527625462827,0.00912527625054247,0.009125264303619398,0.00912526412526776,0.009125263868740748
0.009895352211418313,0.009895352216398928,0.009895352213006895,0.009895369042528829,0.009895368502438235,0.009895368493854261,0.009895357410859819,0.00989535711834544,0.00989535741556499,0.009948583670749715,0.009948582561100153,0.009948583494913872,0.009948597956016688,0.009948597958353978,0.009948597956882136,0.009948593401214628,0.009948593409295353,0.009948593405151014,0.009912986344512683,0.009912986525369823,0.00991298650312565,0.0099130184671544,0.009913018462090448,0.009913018457246008,0.00991300245312127,0.00991300226475573,0.009913001987603668
0.010702958771760062,0.010702958778372273,0.010702958773870397,0.010702980974627125,0.010702980397919455,0.010702980388407191,0.010702965673439835,0.010702965362965614,0.010702965679684286,0.010772168501096878,0.01077216731758701,0.010772168313695318,0.010772187353803362,0.010772187357400254,0.010772187355476578,0.01077218133615413,0.010772181346863205,0.010772181341398799,0.010727759756589282,0.010727759951586622,0.010727759926585015,0.010727802175465853,0.010727802171884833,0.010727802166126447,0.01072778101067828,0.01072778081357532,0.010727780515475084
0.011534313841788681,0.011534313850518712,0.011534313844576361,0.011534343006231683,0.01153434239368449,0.011534342383123968,0.011534322953797523,0.011534322626498238,0.011534322962040227,0.011622152721433262,0.011622151466117111,0.011622152522832344,0.011622177175114809,0.011622177180290617,0.011622177177814096,0.011622169363011976,0.011622169376947095,0.011622169369864297,0.011568911560341223,0.011568911769766063,0.011568911741667087,0.011568966655597465,0.011568966654053598,0.0115689666472134,0.011568939150056757,0.01156893894570563,0.011568938626436794
0.012387983037359442,0.012387983048840675,0.012387983041027147,0.012388021234738393,0.012388020587510555,0.012388020575747295,0.012387995023135501,0.012387994680570514,0.01238799503397466,0.01249574418698444,0.012495742861822394,0.012495743977543333,0.012495775474283023,0.012495775481417745,0.012495775478267862,0.012495765469835985,0.012495765487710081,0.012495765478653,0.012434507395286953,0.012434507619324912,0.01243450758778401,0.012434577660701239,0.01243457766178356,0.012434577653687285,0.01243454256837503,0.01243454235847161,0.012434542017981982
0.013262713507409908,0.013262713522430667,0.0132627135122099,0.013262763316192938,0.013262762635795887,0.013262762622638407,0.013262729195051648,0.013262728839200308,0.013262729209232143,0.013369335752095235,0.013369334354579942,0.013369335531503932,0.0133693761650815,0.013369376174870743,0.013369376170822903,0.013369363225279278,0.013369363248417292,0.01336936323672401,0.013303633613575117,0.013303633853054518,0.013303633817479414,0.013303722948610727,0.013303722953202481,0.013303722943569685,0.01330367832108074,0.013303678107639721,0.0133036777450172
0.014157218940738866,0.01415721896026433,0.014157218946979999,0.01415728351827349,0.014157282806592007,0.014157282791806221,0.014157239347696698,0.014157238981001784,0.014157239366130945,0.014219320307215046,0.014219318830079137,0.014219320074483035,0.014219374099999153,0.0142193741137297,0.014219374108366722,0.014219356843269195,0.014219356874129667,0.01421935685857175,0.014172311208207222,0.014172311464833595,0.014172311424255396,0.014172425725255707,0.014172425734712755,0.014172425723097834,0.014172368509630839,0.014172368295327,0.014172367908514798
0.015069960392848006,0.015069960418085305,0.015069960400916555,0.015070043688123346,0.015070042947510113,0.01507004293080319,0.015069986798811991,0.015069986424326718,0.015069986822641638,0.015042905814942551,0.015042904250547126,0.01504290556913949,0.01504298030782888,0.015042980327725537,0.015042980320329323,0.015042956351772248,0.01504295639458506,0.015042956373049483,0.01503992520963902,0.01503992548577454,0.015039925438867615,0.015040073252308894,0.015040073268480196,0.015040073254274162,0.015039999288128566,0.01503999907656997,0.015039998662709483
0.015999543768910898,0.015999543801309298,0.015999543779270625,0.015999650522237934,0.015999649755483927,0.015999649736504164,0.015999577720842772,0.015999577342214917,0.01599957775143882,0.015838535366650874,0.015838533708247927,0.01583853510714381,0.015838641900701257,0.01583864193022382,0.01583864191968096,0.015838607553551168,0.015838607614866135,0.015838607584081434,0.01590615192311762,0.015906152221557023,0.015906152166695324,0.01590634380630982,0.015906343831490515,0.01590634381394217,0.015906247965133888,0.01590624776092613,0.01590624731667991
0.016944655588062237,0.016944655629297443,0.016944655601249362,0.016944791278452095,0.016944790488755326,0.016944790467096356,0.01694469888891466,0.016944698510346766,0.016944698927862482,0.01660520337608054,0.016605201618122546,0.01660520310262131,0.016605358314753623,0.016605358358906887,0.016605358343609482,0.016605308258213894,0.01660530834747524,0.016605308302724647,0.016771082941551153,0.016771083265606335,0.016771083200809302,0.016771331297973712,0.016771331334982244,0.01677133131317329,0.016771207321442175,0.016771207130353887,0.01677120665181016
0.01790367473372329,0.017903674785725958,0.017903674750355633,0.017903845667488195,0.01790384485852171,0.017903844833717212,0.017903729489886354,0.01790372911621548,0.017903729539011995,0.01734210452241053,0.017342102661500235,0.017342104235430297,0.017342333000335393,0.017342333066826948,0.017342333044302022,0.01734225910725575,0.017342259238954248,0.01734225917300107,0.017635032905702386,0.017635033259558806,0.017635033182247326,0.017635354268832743,0.01763535432136547,0.017635354294097304,0.017635194012218355,0.017635193841973505,0.017635193324254984
0.01887508687657131,0.01887508694141395,0.01887508689731213,0.018875299807362047,0.018875298983151798,0.018875298954707166,0.01887515540024855,0.01887515503671492,0.01887515546150962,0.018048548365442063,0.01804854640118138,0.018048548066323084,0.018048887878119063,0.018048887978471425,0.018048887945024905,0.01804877815228421,0.018048778348006618,0.01804877825007096,0.018498250787624994,0.01849825117667848,0.018498251083447232,0.018498667041777096,0.018498667114727387,0.01849866708041904,0.01849845979405187,0.01849845965504875,0.018498459091948083
0.01985755872182339,0.019857558801572174,0.01985755874733397,0.019857820355516084,0.01985781952027868,0.01985781948771169,0.01985764339252622,0.019857643044468437,0.019857643467869206,0.01872394224844219,0.01872394018388931,0.018723941939665173,0.0187244445932147,0.018724444743366323,0.018724444693890643,0.01872428265794891,0.0187242829474802,0.01872428280268874,0.019360922550302796,0.01936092298133555,0.019360922867834043,0.019361461666213116,0.019361461765828085,0.019361461722466135,0.01936119381043849,0.019361193716114052,0.01936119309990934
0.020849416811491276,0.02084941690789128,0.020849416842330316,0.020849732733975165,0.020849731891879487,0.02084973185481406,0.020849519812589017,0.02084951948485377,0.02084951990364074,0.019367507619414907,0.019367505463575442,0.019367507305355296,0.019368249232428823,0.01936824945592202,0.019368249382875763,0.01936801138249329,0.019368011809723897,0.01936801159616082,0.020223216096274362,0.020223216578423783,0.02022321643869729,0.02022391629445327,0.020223916429241297,0.02022391637409003,0.020223569324823144,0.020223569293727768,0.020223568614145128
0.021849051979963157,0.021849052093726187,0.02184905201635912,0.021849424229435883,0.021849423383930824,0.02184942334230743,0.02184917463513036,0.02184917433065513,0.02184917474249531,0.019978452198218047,0.019978449968872863,0.0199784518860519,0.019979545517908072,0.019979545849359123,0.019979545741656706,0.01997919782456274,0.019979198453984715,0.019979198139449532,0.02108523297981012,0.0210852335255676,0.02108523335137854,0.02108614689121985,0.021086147072827476,0.021086147002148968,0.021085695373363765,0.021085695431233873,0.021085694674409843
0.022855116287433246,0.022855116417703575,0.022855116329113582,0.02285554151367697,0.022855540666937457,0.02285554062117574,0.022855258529724858,0.022855258248438,0.022855258652448883,0.020556102198856736,0.020556099923677226,0.020556101898918298,0.02055769967450858,0.020557700160787007,0.020557700003421848,0.020557197208615843,0.020557198127638197,0.020557197668491067,0.02194703217457086,0.021947032800083918,0.021947032580707078,0.021948227986496194,0.02194822822992228,0.021948228138908194,0.021947638908368983,0.02194763908869861,0.021947638236893458
0.02386591555786002,0.023865915700407643,0.023865915603473925,0.02386637875143418,0.02386637790265307,0.023866377854216494,0.023866074149976345,0.02386607388515928,0.02386607428371834,0.021099594734035436,0.02109959245783151,0.02109959446213501,0.021101916827211055,0.02110191753588111,0.021101917307225784,0.021101196480721944,0.02110119781580138,0.021101197148913405,0.022808660138642346,0.022808660866138336,0.022808660586712957,0.02281023164904538,0.022810231974745653,0.022810231856845675,0.022809459219701858,0.022809459568759675,0.02280945859784908
0.024879774413094632,0.024879774557141732,0.02487977445919942,0.024880237669625976,0.024880236811752037,0.0248802367641922,0.02487993941275529,0.0248799391444058,0.024879939546478172,0.02160805436071598,0.0216080521553679,0.021608054141322226,0.021611425058871255,0.021611426088571556,0.021611425757061486,0.02161039648357463,0.021610398421028333,0.021610397453398385,0.02367013580177431,0.023670136662358943,0.02367013630198671,0.023672213792642432,0.023672214228844253,0.02367221407502779,0.023671192783523812,0.023671193366042103,0.02367119224267174
0.025895333879730118,0.02589533400629195,0.02589533392026179,0.025895730299108678,0.025895729416926996,0.025895729376482986,0.02589548632773366,0.025895486018866615,0.0258954864418721,0.022080763859052922,0.022080761827038612,0.02208076372642754,0.02208562070608447,0.022085622189129125,0.02208562171243494,0.02208416321686153,0.022084166009166805,0.022084164614780678,0.02453146317074807,0.02453146420494419,0.02453146373632353,0.02453421745776255,0.0245342180408342,0.02453421783947287,0.024532861118504567,0.02453286201871849,0.02453286069978291
0.026910911301637263,0.02691091137652739,0.026910911325677214,0.026911119737250983,0.026911118799936976,0.026911118777940096,0.026911014075035686,0.026911013656643386,0.026911014133978322,0.022516820333478398,0.0225168186295077,0.02251682033861005,0.022523789285340986,0.022523791409233353,0.022523790727390764,0.022521729836990568,0.022521733847388665,0.022521731844964754,0.02539263563040692,0.02539263689382161,0.025392636279394466,0.025396298558392042,0.025396299337717945,0.025396299073029847,0.025394483661009052,0.025394484994423733,0.02539448342117975
0.027924795900882,0.027924795862637946,0.027924795888802357,0.027924596464827273,0.027924595412574933,0.02792459542973966,0.027924774138540307,0.027924773482724038,0.027924774077213745,0.02291524776726129,0.022915246631154202,0.02291524798841419,0.022925250397111813,0.022925253434416346,0.02292525246029717,0.022922323413276782,0.02292232918186003,0.022922326301869245,0.026253632168068704,0.026253633738487454,0.026253632925612867,0.02625852916387025,0.02625853020845102,0.026258529858392162,0.02625607320224464,0.026256075130959625,0.02625607322135289
0.028935620619509255,0.028935620374120827,0.028935620541289418,0.02893467465688226,0.028934673394841293,0.02893467348319095,0.028935348822726643,0.02893534773021662,0.028935348540369405,0.023275213732917188,0.023275213499403636,0.02327521427877946,0.02328949499779179,0.02328949931319425,0.023289497930262252,0.023285320429795902,0.02328532869297392,0.023285324567911284,0.027114428767566364,0.027114430745824068,0.027114429666180988,0.02712098380491735,0.02712098520496019,0.027120984740713085,0.027117637342191952,0.027117640077590266,0.027117637724899987
0.029941746108570092,0.029941745506548705,0.02994174591647042,0.029939512099184315,0.029939510473230433,0.029939510683873703,0.029941003070243215,0.029941001219355473,0.02994100240488831,0.023595644824057235,0.023595645978556425,0.023595645851620044,0.0236159591648615,0.02361596526779307,0.023615963313313018,0.02360995304740351,0.02360996485521234,0.023609958961016465,0.027974989076392315,0.027974991598058347,0.02797499015968501,0.027983778447545165,0.02798378032724706,0.02798377970912874,0.027979183052087155,0.027979186881674684,0.027979183941062875
0.030941458186239036,0.030941456980869617,0.03094145780143968,0.030937043208180606,0.030937040965878092,0.030937041381485324,0.03093983027368747,0.03093982713000046,0.030939828956966665,0.023875224738016995,0.023875227995311662,0.023875226477741603,0.02390411302250073,0.023904121650239658,0.02390411888873993,0.0238953025551208,0.023895319452822597,0.023895311018080154,0.02883525777830234,0.028835261030313242,0.02883525910624708,0.028847091246404347,0.02884709378703686,0.02884709295708997,0.028840715288898772,0.02884072061675765,0.028840716884968493
0.031933384992469276,0.03193338282158806,0.03193338429920323,0.031925492573281804,0.031925489355554934,0.03192549009294118,0.031930207136515155,0.031930201919826144,0.03193020477706055,0.024112741900545014,0.024112748208130134,0.024112744657333263,0.02415357362750276,0.02415358576830227,0.024153581884139803,0.024140496506787883,0.02414052057054615,0.02414050855848881,0.02969517579891137,0.029695180023122356,0.029695177448937585,0.029711114253789726,0.02971111770483334,0.029711116583231778,0.02970223702200831,0.02970224437798024,0.02970223958869963
0.03291596081136681,0.032915957129843465,0.03291595963522933,0.03290268069594748,0.03290267599522593,0.032902677218602065,0.03291015605939325,0.03291014761841768,0.03291015208000027,0.02430667040218746,0.024306681014909317,0.02430667457906331,0.024363956702070425,0.02436397371785679,0.024363968275907925,0.024344366558233216,0.024344400613515862,0.02434438361256799,0.03055464087398159,0.03055464639383518,0.030554642949388606,0.030576101797418737,0.030576106520395142,0.030576104991343972,0.030563750890826434,0.030563760989654118,0.030563754783808877
0.03388750023654202,0.03388749418129687,0.03388749830094089,0.0338660122683276,0.033866005387251825,0.03386600732093475,0.03387731828580796,0.03387730490791096,0.033877311827724445,0.024455176262550678,0.024455192796815267,0.024455182377359178,0.024534913312140774,0.024534937162669197,0.02453492953619619,0.02450529466163342,0.02450534253922997,0.024505318634085296,0.03141344202448903,0.03141344930741923,0.03141344467416001,0.0314423724280667,0.03144237899648511,0.03144237687600692,0.03142525883095121,0.03142527267708724,0.03142526455021042
0.03484663123303089,0.03484662155560849,0.0348466281371417,0.034813254883636575,0.034813244976529586,0.034813247891170865,0.03482960089487916,0.034829580314651075,0.03482959082157629,0.024557017498214897,0.02455704184023561,0.02455702615379651,0.024666205344897475,0.02466623867002374,0.024666228013667135,0.02462179079155294,0.024621857188222185,0.024621824028652744,0.03227135686106631,0.03227136656241058,0.03227136029342681,0.03231002006871781,0.032310029335334944,0.03231002634947373,0.032286761953527594,0.03228678087528896,0.0322867701603823
0.03579188962016789,0.035791874505149236,0.03579188477989203,0.03574191231241088,0.03574189839654191,0.03574190260479816,0.03576503366708835,0.03576500297839252,0.03576501851947141,0.024611268857125487,0.02461130313466555,0.024611280731889604,0.02475763592629003,0.024757682314842357,0.02475766747731422,0.02469251554086124,0.024692606027029124,0.024692560822847834,0.03312771095018167,0.03312772402490062,0.03312771546886452,0.033178723014667094,0.03317873625576222,0.0331787319937668,0.03314826111601319,0.033148286889954796,0.03314827269518942
0.03672165014360277,0.03672162679443477,0.036721642656443294,0.036654182754902155,0.03665416374988163,0.03665416959379671,0.0366803181967804,0.036680273641300616,0.03668029608687588,0.024623205136814156,0.024623251792263805,0.02462322101077727,0.024809051836477802,0.024809116412937964,0.024809095745558726,0.024716113826837284,0.024716234980224152,0.024716174433842716,0.03398819383815076,0.03398821167354006,0.03398819988538659,0.03404786856101543,0.03404788779343574,0.03404788160397419,0.03400975682820237,0.03400979194625891,0.03400977302162715
0.037634547537265056,0.03763451192122494,0.03763453609820991,0.03756645409296934,0.03756642910286651,0.03756643686543567,0.03757858730093024,0.03757852474006231,0.03757855615160546,0.02463513802910366,0.02463520044491821,0.024635158991309514,0.024820375220814005,0.024820464937668804,0.024820436196980978,0.02471824267548768,0.024718402974673745,0.024718322837568377,0.03486684925646127,0.03486687349609984,0.03486685735888924,0.03491347996044517,0.03491350823310968,0.03491349912749079,0.03487124920865757,0.03487129700325708,0.034871271679010225
0.038529243734453586,0.03852919013904935,0.03852922649062552,0.03849511446989564,0.03849508252171689,0.038495092512976885,0.03847287862985621,0.03847279272007683,0.03847283576508505,0.024689377987567325,0.02468946172498746,0.02468940583995057,0.024791591809112327,0.02479171598466478,0.024791676154937693,0.02471670631824671,0.024716917864720907,0.024716812077841703,0.03576892139380332,0.03576895387413864,0.03576893214363093,0.03575464504270262,0.03575468708453149,0.035754673524421236,0.03573273813215874,0.03573280302007289,0.03573276908683849
0.039404198946694016,0.039404118770146386,0.03940417310278088,0.039442362638436826,0.03944232210882228,0.03944233485392425,0.039368563248654426,0.03936844707446823,0.0393685052170044,0.024791196164825453,0.024791310745965217,0.02479123400523751,0.024722746944281282,0.024722918747363425,0.024722863552481898,0.024717739990658655,0.02471801891006644,0.024717879404245278,0.03669113252592286,0.036691175996825406,0.036691146815773755,0.03656942967599608,0.03656949327836873,0.03656947272517974,0.03659422307112371,0.036594311222174394,0.0365942656030855
0.040258077747015335,0.040257958518618686,0.040258039250160804,0.04040570271012196,0.040405651497544055,0.04040566768613362,0.04026496909061304,0.040264813993071476,0.04026489159088869,0.024939662745978447,0.024939822499064852,0.02493971524622216,0.02461394203924753,0.024614179506671593,0.02461410307735216,0.02472098854389279,0.02472135488577033,0.02472117163349077,0.037631478223515195,0.03763153632585395,0.03763149724397769,0.03735717325834178,0.03735727047389912,0.03735723900275967,0.03745570312974806,0.03745582291575518,0.03745576145245295
0.04108967570082899,0.04108950016559748,0.041089618952641425,0.04138290240884799,0.041382838132735196,0.04138285856118137,0.04116189228024819,0.041161687541202696,0.04116179001740826,0.025133530346811494,0.025133755272662872,0.02513360403242535,0.024465327310515556,0.024465654241689054,0.02446554882836868,0.024726137569345493,0.02472661600645363,0.024726376674347766,0.038587823296523605,0.03858790042697869,0.03858784849863963,0.03811723666228867,0.03811738480607547,0.03811733678976444,0.03831717713341938,0.03831733953647014,0.038317256797377776
0.0418975636459328,0.04189730626445415,0.04189748040367385,0.04237136615652665,0.042371286516866655,0.04237131199422458,0.04205915974638278,0.04205889120054648,0.04205902577972558,0.02537095603519782,0.025371275451070773,0.025371060454599303,0.024277145342334407,0.024277595030801333,0.024277449811142656,0.024732662544687246,0.02473328551128733,0.02473297389703669,0.03955776645443672,0.039557867702128865,0.03955779954933692,0.038848842059595136,0.03884906750775191,0.03884899442062363,0.03917864300632564,0.03917886331075689,0.03917875178316826
0.04268046846107445,0.04268009205502523,0.04268034685296468,0.04336891336498057,0.043368817003324026,0.043368848109812994,0.042956696219460834,0.04295634502587742,0.04295652139992764,0.02565040194426835,0.025650857436192893,0.025650550553858523,0.02404968331064006,0.024050301622047444,0.02405010178259877,0.02474020802733305,0.024741018549409615,0.024740613171673715,0.04053931050520832,0.04053944105054161,0.040539353299484306,0.039551160806325376,0.039551502543679895,0.03955139191726411,0.04004009787286047,0.04004039706447063,0.04004024650252823
0.043437316588243444,0.04343677049773413,0.043437140630151486,0.04437376681626021,0.044373654075568085,0.04437369095185369,0.04385446198517615,0.04385400400971735,0.04385423467707866,0.025970643177497817,0.025971289890856383,0.02597085367073197,0.023783240365739738,0.023784087121637695,0.02378381350425703,0.02474852156381889,0.024749574688856975,0.024749048073740756,0.04153082333205134,0.041530987819616415,0.04153087755146007,0.0402234310287822,0.040223942544189956,0.04022377747126545,0.04090153846942502,0.040901943894485676,0.040901741018477114
0.04416681501600253,0.04416602529741225,0.044166561826141426,0.04538385681001933,0.04538373205329403,0.045383773779836614,0.0447524192996234,0.04475182152251901,0.04475212369530628,0.026330341440409643,0.026331256748820434,0.0263306382619793,0.023478243046535608,0.023479401059423314,0.023479027550079898,0.024757363899951385,0.02475873489070578,0.02475804948370033,0.042530396680814424,0.042530597706760064,0.04253046358044349,0.040864657017346456,0.040865416665530646,0.04086517284788192,0.04176295933740155,0.04176350887721808,0.04176323538939608
0.04486778390238457,0.044866642423872,0.044867420921350355,0.046397333263002376,0.046397208665947806,0.046397252250835574,0.04565054257490131,0.04564975950583484,0.045650156945615514,0.026728393021157523,0.026729684763985267,0.02672880941752396,0.02313515783817634,0.02313674163901433,0.02313623299129296,0.024766571291743398,0.024768363809250505,0.024767467884543305,0.04353629906057207,0.043536534239285385,0.04353637862956024,0.04147386499113362,0.041474987312886055,0.0414746301818427,0.042624352920000316,0.042625099063977274,0.04262472965337794
0.045539278454447496,0.045537638933738966,0.04553876265551142,0.047412700205994855,0.04741259805730656,0.0474126378195934,0.04654881418252038,0.046547786875617406,0.0465483103011288,0.02716393322568872,0.027165741614002377,0.02716451143693191,0.02275441340899006,0.022756571390960118,0.02275588297507005,0.0247760316188948,0.024778379973707902,0.024777206501878726,0.04454711537378926,0.04454737531781717,0.04454720576763271,0.04205025206521731,0.04205189174958049,0.042051375702632184,0.043485711189215376,0.043486722108231464,0.04348622383507483
0.04618016360230551,0.046177814618327234,0.04617943455163227,0.048428128468329654,0.04842809068641128,0.048428115654568685,0.04744721824240253,0.04744586560487361,0.047446556856597724,0.02763593364642729,0.02763845138396327,0.02763672989544066,0.022336590350662017,0.02233952608845844,0.022338598590075087,0.024785628181192055,0.024788717137260833,0.024787173880046667,0.045561098867270486,0.04556135978495744,0.04556119433954362,0.04259282473288965,0.04259520463436867,0.04259446585427908,0.044347021269768035,0.04434839085460634,0.04434771795778608
0.04678938133669024,0.04678601168703826,0.04678835226021584,0.0494418463045497,0.04944194964767161,0.049441939049506986,0.048345750147464554,0.04834395910829453,0.04834487503514074,0.02814341671550999,0.028146911254926896,0.02814450623123409,0.021882305215539435,0.021886301415717693,0.021885055345776096,0.02479526307349654,0.02479935024973543,0.024797308529682954,0.04657654705680674,0.046576758126253136,0.04657663407896918,0.043100615332491016,0.04310406196646511,0.043103009362932265,0.04520826559705041,0.04521012478043904,0.04520921203714833
0.04736611507841074,0.047361303619437266,0.04736466966050426,0.05045242383172575,0.05045278697880652,0.0504527076543865,0.04924441408709558,0.049242037825692225,0.04924325005074648,0.028685587128173356,0.028690404063784057,0.02868706477514881,0.021392082389980215,0.021397504907938368,0.021395839755742635,0.02480485947462087,0.024810279381566405,0.024807572034670086,0.0475920875360555,0.047592164456725476,0.047592142385623724,0.043572848161502344,0.04357780170824086,0.043576313824521706,0.04606942665789321,0.04607194543406077,0.04607070608291819
0.04790940506469981,0.04790254744993224,0.04790737565549579,0.051458087419561656,0.051458904427189055,0.051458699376879795,0.05014322753888207,0.05014006517062614,0.050141666877154475,0.029261445909092295,0.029268054437034365,0.02926343788538323,0.02086659521466844,0.020873942107852407,0.020871723508124523,0.024814319465798085,0.02482152978839828,0.024817927953229513,0.04860602868016837,0.04860582556550531,0.04860600748348982,0.044008564592729824,0.044015653785013736,0.044013556760118866,0.04693047841561072,0.046933889326341856,0.04693220010434352
0.04841834041068256,0.04840854308291069,0.048415467898695656,0.05245700013506498,0.05245859620025683,0.05245816097883306,0.05104223295447064,0.05103800311317331,0.05104011435937247,0.029869949697650514,0.029878999569179273,0.029872632045634943,0.02030653548239741,0.02031649946030913,0.02031353848998053,0.024823526310807174,0.02483316809485272,0.024828350973668784,0.04961665806991261,0.04961591901669003,0.049616475806416996,0.04440675008912178,0.04441689944495248,0.04441392682234373,0.04779138710524023,0.04779601578441359,0.047793694107843496
0.04889223454408504,0.04887828616526886,0.04888814615599484,0.05344765512521009,0.053450509021535524,0.05344967677188276,0.051941484454566374,0.05193582056576622,0.05193858549970225,0.030510237784731505,0.03052256575276716,0.03051384434502249,0.019712451573478326,0.019725928217833,0.019721972158139832,0.024832367845030543,0.02484527626446449,0.02483882566108508,0.050622610746135166,0.05062094895047085,0.050622127617250635,0.04476654882500765,0.044781006407935295,0.04477677719120567,0.04865212115493405,0.048658391794837066,0.04865518809733333
0.04933031538472762,0.04931050189055937,0.04932443516407409,0.05442818302068264,0.05443303026542028,0.05443151778650053,0.05284107568046412,0.05283347946428981,0.0528370736819882,0.031181238749082664,0.031197960820862944,0.03118610094963936,0.01908499271914142,0.019103182502339732,0.01909787014748517,0.02484068025045589,0.024857990537637625,0.024849337635927154,0.051622253402093615,0.05161906038326256,0.05162122663615657,0.04508686569276946,0.04510738928643701,0.04510131845956751,0.04951263730722262,0.04952112644344295,0.049516682076464535
0.04973184047016286,0.049703666754574195,0.04972320376768503,0.05539647723610978,0.055404485504740225,0.05540177843289473,0.053741161880532115,0.05373093317042621,0.053735574093353236,0.031881780387021545,0.03190440637626952,0.031888406055488365,0.018424789113291824,0.01844932736715235,0.01844209995993512,0.024848224149440903,0.024871531478143142,0.024859876527501365,0.05261388229899252,0.052608169899229326,0.05261186305107854,0.04536636885225488,0.04539550300815908,0.04538661656980941,0.05037287537092394,0.05038439307016918,0.050378176047877046
0.050096257999437205,0.050056401589342346,0.05008340966812712,0.056350718104511095,0.05636354157315113,0.0563588259250643,0.05464191520418471,0.05462813666719828,0.05463408383246861,0.03261088759634942,0.03264130990820162,0.03261999768785998,0.01773231004642543,0.01776525920891837,0.0177553179109266,0.024854746945425464,0.0248861412346832,0.024870436074609172,0.053596136345634496,0.05358648374107191,0.053592407348413015,0.04560383734484334,0.04564495560368909,0.04563178989193474,0.051232773365996215,0.05124838090687035,0.051239670013168065
0.05042299054207167,0.05036698139061275,0.05040368859298214,0.057288667736026935,0.05730868486415551,0.05730065817801014,0.05554356408351447,0.05552500999523775,0.055532600312837674,0.0333673990921794,0.03340798115822358,0.03338004706633882,0.017008098463838547,0.017052055465315373,0.017038225439506505,0.024859892968600465,0.02490216670348104,0.0248810106649511,0.054567464892391865,0.054551798561509886,0.05456086998205323,0.04579773681714845,0.04585535486752354,0.04583566191801741,0.05209222644854574,0.05211334185295389,0.05210116397377679
0.0507114807645839,0.0506333411647382,0.05068220870984803,0.05820766000068567,0.05823829555878031,0.05822485843650291,0.056446389981452405,0.05642137661116828,0.05643112160225601,0.03415000509923996,0.034203614999477785,0.034167776206250625,0.016252789597082224,0.01631094265229206,0.01629144665363107,0.02486313727585363,0.02492012635290904,0.024891596063793618,0.05552620209246787,0.05550149031427548,0.0555148681677039,0.04594622689353388,0.046026346254557725,0.045996608569911994,0.05295102171249095,0.05297959283059428,0.05296265793079538
0.05096131982623549,0.050854020084751206,0.05091729630754625,0.05910544637685191,0.059151061477433174,0.059129275444247856,0.0573504607069777,0.05731703054752585,0.057329646539421665,0.03495759662225559,0.03502720598191341,0.03498254588009691,0.01546725754473006,0.015542965823651696,0.015515485139964992,0.0248641649050928,0.02494032891403124,0.02490218970196725,0.056470994104613495,0.05643331726264756,0.05645228535588787,0.046048061688108974,0.046157688605088926,0.04611313621336642,0.05380893558401341,0.053847226970755634,0.05382415188489343
0.05117212625377032,0.0510278188014232,0.05110743533546196,0.05997957422073799,0.0600455901352846,0.06001189261669374,0.05825540780349382,0.058211297941573745,0.058228174152406144,0.03578893671832441,0.03587719731349887,0.035823695422330895,0.014652930701016783,0.01474929714653331,0.014710876882883674,0.024862619850236686,0.024963114157766406,0.024912789412238276,0.0574003988900085,0.05734479387521585,0.057371131977561385,0.0461023126307275,0.04624918289418523,0.046183902410803286,0.05466529258250341,0.054715922112033306,0.05468564583663973
0.051343539521571786,0.05115994893979303,0.05125091998241637,0.060832795055636775,0.06092034477648789,0.06086945144153463,0.05916115400688728,0.059109548213834635,0.05912670367422087,0.03664259104942917,0.03675079720408653,0.03668929068968141,0.013812868898369525,0.013931303026750257,0.013879383757681777,0.024864735959639308,0.024982306857969146,0.024923393469318572,0.05831281890793256,0.05823831088834744,0.058268117636372144,0.04611425178912486,0.046300675099371795,0.04620754982564639,0.05552578112024728,0.055585065333184525,0.05554713978649593
0.051475305643224445,0.051292078401289125,0.051372114317362036,0.06168601433329195,0.061774041407391775,0.061708277547517426,0.06006516063983862,0.06002481777920011,0.06002523463361762,0.03751730676024106,0.03762439984960965,0.0375584185240724,0.012972806597712796,0.013090181972662238,0.013042963158569601,0.02488831594991769,0.024980224917488917,0.02493400080607842,0.059206914620591966,0.05913182735561898,0.05914747216674684,0.04612618915892627,0.04631208789787205,0.04620973479499241,0.05640444374154423,0.05645068002079632,0.05640863373475456
0.051567234692927254,0.05146587484875011,0.05148936797906136,0.06256013701613683,0.06260543002096458,0.06254290172331223,0.0609479535520876,0.060960239069153224,0.06092376666685808,0.03841179750338867,0.03847440052989103,0.03842710077692037,0.012158478067197142,0.012227169816078956,0.01220671272105431,0.02495901464965977,0.02493101823189897,0.02494461059538961,0.06008137612731167,0.06004330216626848,0.06002276427374964,0.04618043408338258,0.046283408543785556,0.046208262760394164,0.05730652345365018,0.05729185531629831,0.05727012768164838
0.05161916756417246,0.051686549218200144,0.051609214602491425,0.0634579134342234,0.0634130806812711,0.06337916434455533,0.061807398747842746,0.06191251270665261,0.061822299465308136,0.03932452424987766,0.039298010893966916,0.039294723524601956,0.011372942535623373,0.011343750263580874,0.011371667302365437,0.02507547230025234,0.024835981267284875,0.024955222133264402,0.060934699106794964,0.06097512568481644,0.06089953354799793,0.046282256712021075,0.04621468585071418,0.046209370318301954,0.05822874188310524,0.058106660703694024,0.058131621627382314
0.051631026313058756,0.05195290131503762,0.05173123455515122,0.06437688984825263,0.06419576193294103,0.06421639064837027,0.06264269181799205,0.06287966774333086,0.06272083283601151,0.04025409280172062,0.040093678860633114,0.0401609641042259,0.01061762757916759,0.0104412721962097,0.010538111836612445,0.025236343442035254,0.02469642577544381,0.02496583497861445,0.06176558205954247,0.06192481209535612,0.06177710534880604,0.0464307260778776,0.04610602631910221,0.04621270377872802,0.05916909409365255,0.058894440596516474,0.05899311557209369
0.051602797212813654,0.05226346931833328,0.05185510890623207,0.06531481675010618,0.06495237135313105,0.06505434815996809,0.06345303823085116,0.063859610668897,0.06361936663964156,0.041199189580162165,0.040860404879492176,0.04102591531394297,0.00989340627117446,0.009521010673604316,0.00970593444818765,0.025440130983134926,0.024513813813482603,0.024976448812746414,0.06257285415001955,0.06289011946556676,0.06265526502259053,0.04662459346156765,0.04595758651371966,0.0462179507363902,0.0601254444692878,0.05965456205173807,0.05985460951588707
0.05153452728637806,0.05261618658482833,0.05198032817154362,0.06626902692991735,0.06568161026720641,0.06589280487520187,0.06423749167145572,0.06484998223356658,0.06451790075157089,0.04215819337216766,0.04159739419822685,0.04188989382505162,0.009200912023308168,0.008584543843728499,0.008874792978770038,0.025685205415040765,0.02428973477511229,0.024987063350584034,0.06335512968694494,0.06386842367747976,0.0635338179663038,0.046862013796604825,0.04576961989095808,0.04622459032839317,0.061095391319066134,0.0603862579565035,0.0607161034588648
0.05142632972275378,0.05300932586263327,0.05210655507090368,0.06723728188889383,0.06638233275357257,0.06673164211858441,0.06499509769730602,0.06584880475783023,0.06541643509222456,0.04312958984934246,0.04230397135936166,0.04275315140323364,0.00854068511706984,0.0076333505937877565,0.008044420008621472,0.025970383413079286,0.024025336542944885,0.024997678410192008,0.06411117866303513,0.0648575216669444,0.06441267248006081,0.047141446466276625,0.0455424284303043,0.0462322723019537,0.06207693730090279,0.06108871477460415,0.06157759740110117
0.051278357201845176,0.05344150541876923,0.05223355387275092,0.0682177619652671,0.06705358143039955,0.06757078787356748,0.06572500054537955,0.06685445518756962,0.06631496960744922,0.04411204583840068,0.04297956114539427,0.043615877197762325,0.007913191649819377,0.006668736512887293,0.007214615830110917,0.026294775978174065,0.02372147825500656,0.025008293867833178,0.06483996750957652,0.06585562030208023,0.06529177609310603,0.04746166352920926,0.045276327943983515,0.04624075015661127,0.0630684503725828,0.061761188184466,0.06243909134265227
0.05109086295751245,0.05391119735302786,0.05236110505199968,0.06920836189169834,0.06769421467174527,0.06841017268259963,0.06642610910637148,0.06786502782287153,0.06721350424701233,0.04510388832187905,0.04362341529745611,0.04447824447713171,0.007319056054791064,0.005692344201429103,0.006385197267218267,0.026657437161548843,0.023379069904555756,0.02501890960881465,0.06554025648358315,0.06686063779475801,0.06617107739920534,0.04782132159619746,0.044971772811011494,0.04624979470845123,0.0640680227940998,0.06240271291444138,0.06330058528357922
0.050864163503088554,0.05441712037803408,0.052489064806984106,0.07020721665896006,0.06830320612940718,0.06924974734355413,0.06709738297296312,0.06887878964286416,0.06811203897808554,0.04610350921871578,0.04423478639995525,0.04534036228059423,0.006758918536485918,0.004705757463865411,0.005556048667873363,0.027057561368144543,0.022998883954957094,0.025029525558252746,0.06621092194608617,0.06787072256633445,0.06705053878655076,0.04821930955414744,0.04462926865230041,0.04625925640354123,0.06507392442581092,0.06301236018293437,0.06416207922393148
0.05059857441886857,0.054958262877850945,0.05261733957056101,0.07121282610630235,0.06887974558873368,0.07008947652820866,0.0677379782627925,0.06989432567523053,0.06901057377940568,0.04710956213503502,0.04481305101327298,0.046202297562393795,0.006233316957285137,0.003710305785031584,0.004727098663064204,0.02749448454367526,0.022581557534707666,0.025040141667671312,0.0668510701553994,0.06888438332481159,0.06793013225892569,0.04865475443424762,0.04424928646055289,0.04626903844673382,0.0660847420804587,0.06358937755956032,0.06502357316374764
0.05029455461068233,0.055533412307904456,0.05274584037894123,0.0722233678076312,0.0694228762071222,0.07092932302189466,0.06834687421427205,0.07090989271627296,0.0699091086308617,0.048120356062156235,0.04535743261299114,0.047064109614128304,0.005742924454210954,0.002707663158911548,0.0038982836406684872,0.027967367232954385,0.022127897215225453,0.02505075789124445,0.06745963680331556,0.06989980675374845,0.06880982734401676,0.049126613640299556,0.043832476720527924,0.04627904936813923,0.06709873286947482,0.06413285802780594,0.06588506710307226
0.04995263798436973,0.05614140674135506,0.052874506965393225,0.07323709640353518,0.06993173168690985,0.07176925855380523,0.06892312299521272,0.07192379907665195,0.07080764351895125,0.04913422132631248,0.0458671883171884,0.04792583491294901,0.005288384887484057,0.001699487905948199,0.0030695640926793667,0.02847534635679886,0.02163873473027616,0.025061374198220635,0.06803564617375693,0.07091525629746553,0.06968960014529889,0.049633887933875534,0.04337955783739815,0.04628922767876395,0.06811420116089074,0.06464196660017857,0.0667465610419464
0.049573310374739145,0.056781299226382684,0.05300330151249193,0.07425261739814618,0.07040566227614639,0.07260926424705938,0.0694660017312001,0.07293468719206382,0.07170617843524968,0.05014980561370622,0.04634174638315064,0.0487874949779847,0.004870190257027476,0.0006871267410434893,0.002240916559395813,0.029017686532587565,0.021114780777436695,0.02507199056941826,0.06857835770386163,0.07192934640248595,0.07056943445903618,0.050175758606393076,0.04289116199655336,0.04629953497082575,0.06912978248246826,0.06511607313813528,0.06760805498040158
0.04915724004666022,0.05745189914075692,0.05313218802666922,0.07526822395699334,0.07084393055779116,0.07344932126832211,0.06997467527529326,0.07394089208046072,0.0726047133717788,0.05116543726453551,0.0467804439982141,0.049649109245756134,0.0044889047030557605,-0.00032775104017052184,0.001412319727761154,0.029593427590884392,0.020556965880893795,0.02508260698667197,0.06908691894381534,0.07294038441509713,0.07144931394146657,0.050751189052256146,0.042368134470018894,0.04630993482352304,0.0701437982823703,0.06555445920055367,0.06846954891847713
0.04870519490333068,0.058151959926504855,0.05326114143772473,0.07628219979555373,0.07124587547474105,0.07428941587983885,0.07044837504694779,0.07494073941983743,0.07350324832300918,0.05217941997435981,0.0471826724814572,0.05051069050693695,0.004145036013822365,-0.0013434454906270101,0.00058375947889309,0.03020152324298603,0.01996630738200921,0.025093223437395583,0.06956054842388312,0.0739466733641283,0.07232922654980792,0.05135908297412387,0.04181141760118587,0.046320401965377664,0.07115455353106025,0.06595647768459023,0.06933104285621078
0.04821784255399835,0.05888045442901282,0.05339014645358242,0.0772931785403051,0.07161102083692625,0.07512953953362678,0.07088653474589635,0.07593289887769064,0.07440178328557497,0.05319039776424428,0.04754798794014208,0.05137224636054741,0.0038389465785625635,-0.0023585941025625738,-0.0002447726021579136,0.03084109187670073,0.01934366442605557,0.025103839913929886,0.06999867149246763,0.07494686580901107,0.07320916475936515,0.051998529599797574,0.04122181534258638,0.04633092100768791,0.0721606970457647,0.06632166137552944,0.07019253679363134
0.04769604469733559,0.05963610979484921,0.053519188846142256,0.07829951984762619,0.07193884989875463,0.07596968419266163,0.07128852494725188,0.07691577743306535,0.07530031825635236,0.05419673843868107,0.04787590402891693,0.05223378377592225,0.0035710235456740537,-0.0033715529140633674,-0.0010732842467605429,0.03151102261384431,0.018690121571040195,0.025114456409159276,0.07040065050060522,0.07593934820435555,0.07408912147994194,0.052668392083741404,0.040600350161108995,0.046341477645460906,0.07316060601315037,0.06664950231535473,0.07105403073077697
0.04714075322237884,0.06041755481296928,0.05364825841199168,0.07929947985904272,0.07222884452983244,0.07680984405657625,0.07165370366214568,0.07788768238826012,0.07619885323310101,0.055196702499786504,0.048165924835365435,0.053095307706688494,0.0033416567591535978,-0.004380567630713243,-0.001901780956290806,0.03221010467977448,0.018006861949667125,0.025125072917984898,0.07076583709038235,0.07692240702775864,0.07496909158787202,0.05336744212150706,0.039948143349202755,0.046352061625848984,0.07415255342148948,0.0669394891316333,0.07191552466768454
0.046552728565587384,0.06122368231716542,0.053777349047072424,0.08029161445246935,0.07248054723511489,0.07765001565776011,0.07198151064751297,0.07884720691858411,0.07709738821447948,0.056188847787862775,0.048417606472873395,0.05395682111917056,0.0031512032352257594,-0.0053841857577176635,-0.002730266024679944,0.03293736201794367,0.017294838332697515,0.02513568943735624,0.07109366698132615,0.0778946203766059,0.07584907202053046,0.054094693536543316,0.039266097445705445,0.04636266681484781,0.07513510656989308,0.06719116859336789,0.07277701860438256
0.045932803833995714,0.06205323441337503,0.05390645534877042,0.08127419276462267,0.07269333263867152,0.07849019593759163,0.07227119947364286,0.07979265372764888,0.0779959231993045,0.05717144465860308,0.04863033598154559,0.054818326651497384,0.0030001741688766076,-0.0063806705615492105,-0.0035587423796562085,0.03369169695268716,0.016555119470483267,0.025146305964573835,0.07138338996811126,0.07885427694557327,0.07672906007841031,0.05484903989669851,0.03855522053402911,0.046373287781705005,0.0761065439283172,0.06740391929660447,0.07363851254090836
0.04528165882285156,0.06290496687874289,0.05403557333254806,0.08224512103039992,0.07286612459272604,0.07933038265498324,0.07252155946176793,0.08072192627638199,0.07889445818670016,0.058142399665184724,0.04880304699478236,0.05567982626708186,0.0028895222729091357,-0.007367942106115783,-0.0043872121977124095,0.034472080754843565,0.015788694950586133,0.02515692249764478,0.0716337923162988,0.07979927823425924,0.07760905378620973,0.05562944608484706,0.037816423119665925,0.04638392051884467,0.07706476762158448,0.06757666829090025,0.07450000647729889
0.044599629435757564,0.06377797643624364,0.054164700551810524,0.08320246903181978,0.07299764803635171,0.08017057444373876,0.07273120269575353,0.08163305382386166,0.07979299317612776,0.059099782376535306,0.04893447096032288,0.05654132118342088,0.0028204196246105146,-0.008344101982937994,-0.005215676826839137,0.03527782960514117,0.014996208844016578,0.02516753903534452,0.0718434840459502,0.08072766470950948,0.07848905194155521,0.056435224343655666,0.037050270616144694,0.04639456256399089,0.07800783040785475,0.06770814266354563,0.0753615004135843
0.04388680121983165,0.06467145293630641,0.054293834682648506,0.0841439481288622,0.07308608695600612,0.08101077001624375,0.07289819177537378,0.08252365903921602,0.08069152816707763,0.060041303517043114,0.04902279826101115,0.05740281256910506,0.0027945703348793345,-0.00930691992417945,-0.006044137559229804,0.03610841680974092,0.014178136782883361,0.025178155576509573,0.07201052571327593,0.08163708627262482,0.07936905341307583,0.05726584440641884,0.036257138767311736,0.04640521157677476,0.07893340937182827,0.06779652851684378,0.0762229943497995
0.043143485211947386,0.0655844015657744,0.05442297243397409,0.08506727731160989,0.07312985007799573,0.08185096756714626,0.07302080537324804,0.0833914010114694,0.08159006315882464,0.06096468060953776,0.04906644474869564,0.058264302100942196,0.0028134470169724674,-0.010254157105808986,-0.0068725962461290745,0.03696311251103905,0.013335160551009936,0.025188772119490044,0.07213319370652636,0.08252521983776401,0.08024905661783474,0.05812057292462805,0.03543761493737146,0.04641586423997898,0.07983919871883183,0.06784023692031357,0.07708448828598209
