x1,x2,x3,x4,x5,x6,x7,x8,x9,x10,x11,x12,x13,x14,x15,x16,x17,x18,x19,x20,x21,x22,x23,x24,x25,x26,x27,x28,x29
0.0,0.003576014185121235,0.007151728779706987,0.010726821894973712,0.014300984289024666,0.017873906264160536,0.021445277944341052,0.025014789522920744,0.02858213133973043,0.03214699391907371,0.0357090679993967,0.03926804455327462,0.04282361474105006,0.046375474008578554,0.049923649326750925,0.053471151128305104,0.05701522380150245,0.0605555325312718,0.06409175893958037,0.06762358541205464,0.0711506978827315,0.07467314637797116,0.0781946910266063,0.08171351908828178,0.0852295284608937,0.08874265390052548,0.09225283137899581,0.09576000180151678,0.09926418603231935
0.0,0.003582603345056099,0.00716517270506942,0.0107476059600878,0.014329841310687236,0.017911815004773127,0.021493462113685313,0.02507471645575791,0.02865244699673286,0.0322288456735757,0.035803901977034085,0.03937730015000398,0.04294871963282171,0.04651784273396403,0.050084658301818075,0.05364778829861625,0.057211465427533026,0.06077606456997612,0.06434128310679019,0.06790681205047451,0.07147234842278204,0.07503784099810569,0.07860170082092015,0.08216234063258139,0.0857197940456337,0.08927375888742073,0.09282392684309247,0.09636999172007255,0.09991168039916694
0.0,0.003582603345792499,0.0071651727090210554,0.01074760598432733,0.014329841468422722,0.017911815827474652,0.021493463922897662,0.025074697264043613,0.02864559154917541,0.03221539843913507,0.03578519151991038,0.03935498490624632,0.04292477825805822,0.04649457739397389,0.050064858859301904,0.053639820809612736,0.05721546143688111,0.060791457642797204,0.06436749965998108,0.0679432774636631,0.07151848897100375,0.0750934848903735,0.07867389749875098,0.08225426440978005,0.08583449478912787,0.08941452274094841,0.09299428328167951,0.09657371275545927,0.10015276573919245
0.0,0.0035793128152597706,0.007158324111905896,0.010736689750777344,0.014314090266970628,0.017890205132290723,0.021464716897940734,0.0250376427677251,0.02861066836713551,0.03218349287772089,0.0357563139398928,0.03932913466419423,0.04290195547831926,0.04647478020209487,0.05004781040266255,0.05361861649734981,0.0571865918212621,0.060751695966734555,0.0643136146959417,0.06787202824234634,0.07142662001921139,0.07497744081398074,0.07852616020119081,0.08207420454389376,0.08562158259578184,0.08916797942044347,0.09271307676985696,0.09625655821876113,0.09979813999879467
0.0,0.0035793128152470876,0.007158324111923507,0.010736689749556735,0.014314090244749734,0.017890204976455486,0.021464717076310067,0.025037660779468087,0.02861218483496768,0.032185954950708286,0.03575888157859681,0.03933089901018428,0.04290194237387457,0.046471950187962234,0.05004108973064595,0.05361152470052857,0.05718198556250629,0.06075244706712143,0.06432290841387284,0.06789336984817076,0.07146383096755762,0.07503429049123413,0.0785996692486157,0.08216354805159114,0.08572609624911741,0.0892870016944219,0.09284594449160795,0.09640260736005259,0.09995671408638966
0.0,0.0035826033454000043,0.007165172706944914,0.010747605971110684,0.014329841368471484,0.017911815239364626,0.021493465055797203,0.0250749182953091,0.028653518930358172,0.032232013940373234,0.03581059845891709,0.03938895758725774,0.042966769843225255,0.04654372039876777,0.05012003730541822,0.05370048089149793,0.057280959614613054,0.06086143918547737,0.06444191842595058,0.06802239773440384,0.07160287652787561,0.07518333763049447,0.07876229137957666,0.08234165884505158,0.08592159591720712,0.08950204076715339,0.09308292816564205,0.09666419348875692,0.10024577400266545
0.0,0.0035793128154419217,0.0071583241128456545,0.010736689758003343,0.014314090322490258,0.017890205426477266,0.021464718804833235,0.025037833613296933,0.02861094841801351,0.03218546178365651,0.03576157683258615,0.039338977132696136,0.042917341513533824,0.04649635608323019,0.050076209050840516,0.05366086063578418,0.0572455242962768,0.06083018844959286,0.06441485249530456,0.06799951684063918,0.07158418055218412,0.07516882495142788,0.07874569365032255,0.08232142977438739,0.08589654292729448,0.08947073461331427,0.09304369472383166,0.09661511424396706,0.10018470046742317
0.0,0.0035760141847471973,0.007151728777974812,0.010726821890833536,0.01430098428879606,0.017873906323589414,0.021445286384579626,0.025015442370269817,0.028588696904427804,0.032161739656948345,0.03573477851402775,0.0393078168798279,0.04288085544206601,0.04645389774084311,0.05002716200686164,0.05360004985003857,0.05717388392657635,0.06074864333615291,0.06432401089524695,0.06789966576204061,0.0714752911619128,0.07505089255270528,0.0786269044223601,0.08220380876283254,0.08578161924333837,0.08936001875169118,0.09293868607634619,0.0965173007228441,0.10009555543918132
0.0,0.0035760141844070614,0.007151728775987124,0.01072682187830564,0.014300984216281535,0.017873905919797803,0.021445282032840667,0.02501530659485802,0.02858850030419359,0.03216172192083358,0.03573494309524674,0.03930816381848567,0.04288138488461671,0.04645460925784759,0.05002801512396904,0.05360094528440882,0.05717474471250703,0.06074945111974577,0.06432474746633174,0.06790031252359824,0.07147583216069128,0.07505151276792602,0.07863167962801097,0.08221186915785432,0.08579205933377361,0.08937224921731245,0.09295243901189265,0.09653263007902431,0.10011283380456264
0.0,0.0035760141851624715,0.007151728780126334,0.010726821901391584,0.014300984349909665,0.017873906656971156,0.021445283194215018,0.02501510763260933,0.02858381201179883,0.03215182953153357,0.03571921203253409,0.039285654339640756,0.042850846977134045,0.046414485575406776,0.04997676415706287,0.05354219973818789,0.05710766331106975,0.06067312644485664,0.06423858913517258,0.0678040522708651,0.07136951928803266,0.07493519775435202,0.07849779464594749,0.08206163478827547,0.08562703539320225,0.08919369539748152,0.09276130549506008,0.09632955648679419,0.0998981411071209
0.0,0.003579312815295438,0.007158324112336187,0.010736689750963833,0.014314090248096498,0.017890204983002426,0.021464717087634647,0.025037660797455525,0.02861218486138935,0.032185954987193545,0.03575888162941044,0.03933089910455992,0.04290194261910871,0.04647194998916885,0.05004107864314688,0.053607894273141825,0.05717432274944362,0.06074074507976864,0.06430716709221707,0.06787358910478543,0.07144001428749362,0.07500662769886778,0.07857463834209372,0.08214186263422778,0.08570824290530023,0.08927371399654378,0.0928382107222101,0.09640167049586401,0.09996406532480634
0.0,0.0035805918349277595,0.007161207457484116,0.010741818946801875,0.014322429097822553,0.017903039257083284,0.02148365559949363,0.025064675966647493,0.028645696331473933,0.03222631266041371,0.03580692275592556,0.039387532571961405,0.04296814229729151,0.046548752003533776,0.05012936170693247,0.053709971410325234,0.05729058111655184,0.06087119084071815,0.06445180064214485,0.06803241066736208,0.07161302720452412,0.07519405303404623,0.07877688255468097,0.08235945664208778,0.08594190366260841,0.08952416081088661,0.09310616283685307,0.096687846000738,0.10026916454823925
0.0,0.0035793128152589427,0.007158324111898808,0.010736689750753212,0.014314090266913196,0.017890205132177435,0.021464716897734496,0.02503764276731967,0.028610668366915597,0.03218349287470755,0.03575631392033065,0.03932913457137152,0.04290195521677729,0.04647477943750684,0.050047829017391375,0.05362307235470917,0.05719898126704288,0.06077547329276565,0.06435248252872434,0.0679299437787346,0.0715077917594109,0.07508596116123036,0.0786643866672687,0.08224300295620182,0.08582174470309106,0.08940054657546644,0.0929793432833645,0.0965580707834617,0.10013667727166575
0.0,0.0035793128157057042,0.007158324114315095,0.010736689765978547,0.014314090372475418,0.017890205734979684,0.021464718266260882,0.02503762099837258,0.028607186698546703,0.03217733308927529,0.035748423651268756,0.039320155482306426,0.042892218689894006,0.04646431436252437,0.05003696775003555,0.05361712835086008,0.05719731644237496,0.0607775052943021,0.06435769376810713,0.06793788218104722,0.07151807046616067,0.07509826966483246,0.07867301288691926,0.08224545427595546,0.08581574191283943,0.08938356347613753,0.09294859845158349,0.0965105295653129,0.1000690909356749
0.0,0.0035805918349068656,0.00716120745744364,0.010741818945601181,0.014322429082016355,0.01790303917099389,0.021483655721736022,0.0250646815541941,0.02864751107553769,0.03223008516371768,0.03581253219137763,0.0393947894006527,0.04297679167765093,0.0465584738580083,0.050139769674958846,0.05371754959809352,0.057294007683593544,0.06086913346155365,0.0644426110711934,0.06801411946195092,0.07158334168176529,0.07515033423140814,0.07871860396826745,0.08228614078507386,0.08585284558186806,0.08941865249293518,0.09298349671784802,0.09654731571836705,0.10011008121712091
0.0,0.0035846353635013146,0.007169310867533335,0.010753979288872203,0.014338645383398277,0.017923311384785572,0.021507976676240284,0.02509262233384625,0.028669501944973124,0.032245270388569246,0.03582043788729247,0.03939470599624157,0.0429677649990332,0.046539305010751035,0.05010898969835984,0.05367335903918858,0.057237204238188656,0.0608010449071384,0.06436488570689106,0.06792872615315153,0.07149257960136317,0.07505754109208558,0.07863310648141929,0.0822096293357475,0.08578701276391558,0.08936519133003869,0.09294410045803797,0.09652367532981727,0.10010384623823836
0.0,0.003571428569954903,0.007142857135014937,0.010714285676684582,0.014285714117884924,0.01785714237528186,0.0214285838905893,0.025000904876381975,0.028581514916569416,0.032162127529191155,0.035742738174660414,0.03932334813908995,0.04290395812108408,0.0464845748689905,0.05006560618303277,0.05365026037020856,0.05723492532770152,0.06081959092649911,0.06440425650838508,0.0679889224137824,0.07157358768469345,0.07515823333784825,0.07873511294776163,0.08231088138929256,0.08588604887432283,0.08946031687737489,0.09303337528191717,0.0966049150576208,0.10017464333864529
0.0,0.0035805918348855406,0.007161207457401594,0.010741818944388179,0.014322429066115895,0.017903039084355622,0.021483655841558775,0.025064687157714673,0.028649341345340352,0.03223400630294596,0.03581867190180733,0.039403337483749905,0.0429880033892008,0.046572668660174336,0.0501573143133928,0.05373419392336432,0.05730996236480174,0.06088512984920919,0.06445939785355771,0.06803245625284153,0.07160399503844674,0.07517370436293078,0.07874127454278805,0.08230639608149364,0.08586875969390494,0.08942805631771249,0.09298397712915847,0.09653621530446671,0.1000844943394092
0.0,0.0035826033450561032,0.007165172705069411,0.010747605960087768,0.014329841310686882,0.017911815004770657,0.021493462113669436,0.025074716455668538,0.02865244699627663,0.032228845671165046,0.035803901961804344,0.03937730004451929,0.0429487190288604,0.046517841306144815,0.05008467929299251,0.05365126506214168,0.05721764137035947,0.06078401420697279,0.06435038671946808,0.06791675947358193,0.07148313851019623,0.0750499129278057,0.07861879312682653,0.08218809741586268,0.08575797135521122,0.08932835258990142,0.0928991761532456,0.0964703776264857,0.10004189442894375
0.0,0.0035826033450583224,0.007165172705088499,0.010747605960152874,0.01432984131084214,0.01791181500507687,0.021493462114216242,0.025074716456621127,0.028652446999608047,0.03222884567959782,0.03580390199447942,0.03937730022945703,0.04294872006871874,0.04651784041749171,0.05008429337179927,0.053642052546142564,0.05719894045941682,0.06075582120125588,0.06431270232201998,0.0678695833070382,0.07142646945027098,0.074983856464605,0.07854621298135567,0.082109806415124,0.08567430828812404,0.0892394096956906,0.0928048017662298,0.09637017576448588,0.09993522916026852
0.0,0.003576014185162468,0.0071517287801263285,0.010726821901391563,0.014300984349909604,0.01787390665697099,0.021445283194214793,0.02501510763260895,0.028583812011798253,0.0321518295315327,0.03571921203253305,0.03928565433963941,0.04285084697713278,0.0464144855754051,0.04997676415704364,0.05354219973826934,0.05710766331222003,0.06067312644931186,0.06423858909879443,0.06780405174780578,0.07136952114513763,0.07493541549458414,0.07850266798209903,0.08206870533206771,0.08563363029806542,0.08919738005631257,0.09275988959888844,0.0963210967760167,0.09988098011116513
0.0,0.003576014184846895,0.007151728778457731,0.010726821894720968,0.01430098433563799,0.017873906635382006,0.021445283910549454,0.025015283345965308,0.02858528277861387,0.03215666004370236,0.03572958229899911,0.03930374454031381,0.04287883688620834,0.04645456089912083,0.05003142594415213,0.05361607050712935,0.05720073426067291,0.060785398640671805,0.06437006268598455,0.0679547266947114,0.07153939038110876,0.07512404892009525,0.07870688200978103,0.08228943526441827,0.0858718467543126,0.08945405437002556,0.0930359927798514,0.09661759823799271,0.10019882533239115
0.0,0.003582603345174445,0.007165172705807409,0.010747605963661012,0.014329841313543751,0.017911814939752167,0.02149346482940476,0.025074935795517464,0.028656206414098273,0.03223722434839384,0.03581811509578741,0.0393988160580799,0.04297926200586755,0.046559387626128074,0.05013912757590394,0.05371841651117961,0.057297189095622376,0.060875380005751,0.06445292393861109,0.06802975563114624,0.07160581319594496,0.07518126041319302,0.07875610687434091,0.0823302695004638,0.08590385430031854,0.08947679845950192,0.09304903691017215,0.09662050665738009,0.10019117306337329
0.0,0.003576014184380678,0.007151728775978187,0.010726821879293162,0.014300984218985858,0.017873905897700434,0.02144528407610331,0.025015499877157232,0.02859069211145998,0.03216585158686124,0.03574087502970002,0.039315696362729996,0.04289025077760127,0.04646447381448249,0.05003832088568521,0.05360795787559954,0.057174764714030664,0.06073868158794466,0.06429939441254115,0.06785658362753262,0.07140993247111055,0.0749594957271122,0.07850734467498052,0.08205535218386556,0.08560353874761827,0.08915158895344018,0.09269918444179003,0.09624600800492555,0.09979176454052328
0.0,0.00358260334530749,0.007165172706470671,0.010747605969258387,0.014329841371681055,0.01791181532233661,0.021493463112649294,0.025074718072158483,0.028649359840641583,0.032222079511627456,0.03579319165555119,0.03936239707097649,0.04292938589922654,0.04649385670152545,0.05005640351910783,0.05362531490211835,0.05719428916160053,0.06076326474095207,0.06433223979638171,0.06790121537574284,0.07147018963522829,0.07503910101823545,0.07860164783789812,0.08216611864222184,0.08573310747783618,0.08930231293407752,0.09287342515037213,0.09644613428137296,0.10002012617671067
0.0,0.0035826033451693885,0.007165172705768507,0.010747605963658426,0.014329841317629205,0.017911814984838025,0.02149346479215004,0.025074927855564432,0.02865639091550051,0.032238040707484844,0.035820014306002325,0.03940224929204128,0.04298468048070611,0.046567245461041996,0.050150077462891414,0.05373291232218435,0.057315486312509996,0.060897932931832315,0.06448018973960927,0.06806219142887478,0.07164387265068596,0.0752251680333089,0.07880601220429488,0.08238633979828913,0.08596608545710878,0.0895451838112999,0.09312356950103216,0.0967011793691691,0.10027797884781199
0.0,0.003584635363501367,0.007169310867533779,0.01075397928887372,0.014338645383401844,0.01792331138479256,0.021507976676252382,0.0250926223338655,0.028669501945001046,0.03224527038860654,0.035820437887339664,0.039394705996299885,0.04296776499910889,0.04653930501088274,0.05010898969878055,0.05367335904157603,0.057237204248470286,0.06080104495329327,0.06436488590996024,0.06792872690167771,0.07149256790121182,0.07505640890290081,0.07862024990508057,0.08218409090735575,0.08574793190965634,0.08931177291195962,0.09287561391426565,0.09643945491656475,0.10000329591886485
0.0,0.003576014184636395,0.0071517287774755176,0.010726821888958274,0.014300984292425663,0.017873906348438637,0.021445284911600027,0.02501547677425332,0.028588375679293968,0.03216217720602646,0.0357368868098182,0.03931218713819257,0.04288775779237746,0.04646327798695416,0.05003840912779625,0.05360604841518161,0.0571729009515261,0.060739743592587846,0.06430658639689095,0.06787342903847966,0.07144028157584476,0.07500792086471998,0.07858305200775147,0.08215857220501693,0.08573414285378737,0.08930944309104616,0.092884152183464,0.09645795061564681,0.10003054278865398
0.0,0.00357931281548012,0.007158324113210903,0.01073668975844247,0.014314090311495576,0.01789020536799847,0.021464718009400526,0.025037648609480042,0.028609532795952835,0.03218078508719577,0.035751404895624665,0.039321075983055204,0.04288947801234616,0.046456295376197686,0.05002153828352726,0.053584696620580186,0.05714501901138109,0.06070247396906147,0.06425674754903958,0.06780752098054561,0.07135447764593546,0.07489767826204664,0.07843983769526611,0.08198355030913629,0.08552885599194295,0.08907543892686748,0.09262298094553358,0.09617116390921199,0.09971967410621797
0.0,0.003576014185162519,0.007151728780126737,0.01072682190139296,0.01430098434991318,0.017873906656979712,0.021445283194241407,0.02501510763271977,0.02858381201228456,0.032151829534037266,0.03571921204896216,0.039285654458951706,0.0428508476925397,0.04641448744876877,0.04997674081456858,0.053538994178579706,0.057102633931629454,0.060667827146418836,0.0642342694588742,0.0678016517005769,0.07136967137679126,0.07493844477588496,0.07851135947966668,0.0820842753523594,0.0856571902916844,0.08923010488929267,0.09280301952984471,0.09637593528782767,0.09994885817920716
0.0,0.0035826033451985036,0.007165172705872996,0.01074760596501899,0.014329841329889292,0.017911815024636627,0.021493464685050322,0.025074930139985355,0.028654392355461532,0.03223345341376293,0.03581250810129464,0.03939156259473617,0.04297061744993749,0.0465496729998695,0.0501287148220779,0.05370406486976201,0.057279648469953225,0.06085561860404861,0.06443167107857038,0.06800749581922058,0.07158278884285589,0.07515769336774235,0.07873259789467933,0.08230789092195712,0.08588371567929363,0.08945976822663003,0.09303573860780033,0.09661131724706394,0.10018620327981509
0.0,0.0035760141847472945,0.007151728777975659,0.010726821890836404,0.014300984288803047,0.017873906323604014,0.021445286384612197,0.025015442370376884,0.028588696904093238,0.03216173965862696,0.035734778527198446,0.039307816926211596,0.042880855444068076,0.0464539004451586,0.050027353870886436,0.05360260717421846,0.0571776055847473,0.060752477204626405,0.06432715943031513,0.06790158742074773,0.0714756956176495,0.07504939617620414,0.07862028299640242,0.0821913608850658,0.08576266927273281,0.08933389191328701,0.09290470799112428,0.09647479811687193,0.10004386457821791
0.0,0.0035760141851196472,0.007151728779693494,0.010726821894927704,0.014300984288915243,0.017873906263946356,0.021445277943968038,0.025014789522298537,0.028582131338590524,0.03214699391658169,0.03570906799609034,0.03926804457814506,0.042823614957835286,0.04637547729508613,0.04992394791052038,0.05347445785379836,0.057024745678400025,0.06057502979606239,0.06412531340371316,0.0676755971437266,0.0712258873315413,0.07477658334427591,0.07832906777230061,0.08188129893039585,0.08543340409777177,0.08898532100102441,0.09253698494273259,0.09608833272298017,0.09963931897498939
0.0,0.003571428569578776,0.007142857132986441,0.01071428566696374,0.01428571407198566,0.017857142164527873,0.021428584740220354,0.025001095750973354,0.028583706212058746,0.03216626090850324,0.03574867862612419,0.039330894066313786,0.04291284250270023,0.04649445884778331,0.050075676927159085,0.05365336439545918,0.057229711355215006,0.06080470724378503,0.06437803624561626,0.06794937747703024,0.07151841333114822,0.07508515617252542,0.07865164240417181,0.08221791907317416,0.0857841922544119,0.08935046503665052,0.0929167378657693,0.09648301181298818,0.10004929288092941
0.0,0.0035826033457925037,0.007165172709021072,0.01074760598432733,0.014329841468422292,0.017911815827471523,0.021493463922879864,0.02507469726401673,0.028645591546381747,0.03221539843220774,0.03578519149524651,0.039354984805808686,0.04292477805799489,0.04649458459077507,0.0500652701961529,0.05364424106509758,0.0572232145054358,0.060802185979549346,0.0643811567729425,0.0679601275838964,0.0715391051576401,0.07511849710764724,0.07870151027199983,0.08228453420025306,0.08586755875495301,0.08945058318169051,0.09303360755121821,0.09661663319873669,0.10019967151536363
0.0,0.003579312816134893,0.0071583241166213825,0.010736689777692862,0.014314090439624283,0.01789020611300717,0.021464715638167497,0.025037259856396803,0.02860147371713145,0.032164841618545964,0.03572820148277346,0.03929156158890479,0.04285492139966774,0.04641829461445809,0.049982764387196725,0.05355769425189933,0.05713330717484922,0.060709510579589836,0.06428623914056494,0.06786342820118348,0.0714410157523829,0.07501914490799258,0.07859374263945497,0.08216601044559492,0.08573609547548654,0.08930368527883108,0.09286845935584516,0.09643010047795991,0.09998834316967418
0.0,0.0035714285701516396,0.007142857136042208,0.010714285681609039,0.01428571413900936,0.017857142405557306,0.021428581426823242,0.02500078026280161,0.02858008649057282,0.032159047674657146,0.03573733454038343,0.039314626298837724,0.042890602541378,0.046464942026850364,0.05003728518388575,0.05360128178483902,0.05716443129378392,0.0607275728028926,0.0642907145564179,0.06785385601371338,0.07141701085987756,0.07498126260857414,0.07855597897954322,0.08213138832718987,0.08570739791257627,0.08928394237221875,0.09286095710371185,0.09643837764141645,0.10001614064453453
0.0,0.0035793128152589206,0.007158324111898655,0.010736689750752702,0.014314090266911833,0.017890205132174656,0.02146471689773244,0.025037642767335836,0.02861066836707789,0.03218349287577226,0.03575631393045505,0.0393291346685693,0.042901955824868054,0.04647477755920943,0.0500475787355583,0.053616943927004064,0.057187082085386504,0.06075816585516661,0.06432989090962075,0.06790194733770634,0.07147403077211288,0.07504611495060205,0.07862004025680498,0.08219206571840713,0.08576188091977699,0.08932916566506117,0.09289359946392067,0.0964548651479335,0.1000126977330842
0.0,0.003579312815441944,0.007158324112845835,0.010736689758003943,0.014314090322491606,0.01789020542647947,0.021464718804834203,0.02503783361326675,0.028610948418547107,0.032185461783955496,0.0357615768307898,0.03933897713085084,0.042917341554928566,0.046496353521212425,0.05007600085588378,0.053656817809748396,0.05723743076796112,0.06081804004160169,0.06439864914715278,0.06797925868302472,0.0715598722708994,0.0751406863981338,0.07871735586988161,0.08229307644661327,0.08586816621555222,0.0894423249061869,0.093015242511359,0.09658661005352588,0.10015613490113394
0.0,0.003582603345174492,0.0071651727058077335,0.010747605963662183,0.014329841313546865,0.01791181493976072,0.021493464829433543,0.025074935795642142,0.02865620641374222,0.0322372243494246,0.03581811510787106,0.03939881613333752,0.042979262324341606,0.04655939110277088,0.050139342033354406,0.053717293430034424,0.05729484372733514,0.06087238766113587,0.06444993142849326,0.06802747563475435,0.07160502381569007,0.07518277766828692,0.07875686216800805,0.08233098587587258,0.08590546681896992,0.0894800040530595,0.0930542875610273,0.09662800794013025,0.10020086564790269
0.0,0.0035714285707098806,0.007142857139023927,0.0107142856959012,0.014285714204067317,0.01785714263218057,0.021428577895484968,0.025000458789267554,0.028576465644828547,0.03215213131902381,0.03572714449751007,0.039301195822342656,0.04287397528878079,0.046445180004012494,0.050015192048476466,0.05359016636055668,0.05716510832950608,0.06073991429313658,0.0643145182417031,0.06788885574388225,0.07146286366203237,0.07503664569331422,0.07860827217495366,0.08218132443030318,0.08575603884261877,0.08933209988365494,0.09290918635169282,0.09648697735392549,0.10006515579413673
0.0,0.0035793128161348887,0.007158324116621394,0.010736689777692937,0.014314090439624906,0.017890206113011727,0.02146471563819988,0.025037259856618196,0.028601473718249334,0.032164841624295164,0.035728201507519174,0.039291561697285225,0.04285492200493989,0.046418290839778144,0.049982046370773144,0.05354904493311497,0.05711410206634956,0.060676925889994605,0.06423720867337528,0.06779464170771184,0.0713489204316048,0.07490045488456644,0.07845504890049709,0.0820128352193476,0.08557382966109935,0.0891377143831244,0.09270416985387737,0.09627287520154558,0.09984349389490489
0.0,0.003576014184355474,0.007151728775975853,0.010726821880313783,0.014300984221829063,0.017873905876130924,0.021445286125520307,0.02501569327936343,0.02859291091359802,0.03217017790403746,0.03574744599278376,0.03932471355128948,0.04290198109887391,0.04647924800559319,0.05005650416450528,0.05363014492549729,0.057203371976530665,0.060776592269750074,0.06434981245595146,0.06792303267969609,0.07149625966089854,0.07506991242101559,0.07864492867835783,0.08221873242581748,0.08579142677813247,0.0893629487763999,0.09293323327144572,0.09650221797102616,0.10006988121973827
0.0,0.0035760141845961172,0.007151728777132931,0.010726821887790323,0.014300984289647293,0.017873906343001556,0.02144528490218486,0.02501547675927362,0.028588375656235277,0.03216217717397971,0.035736886757736765,0.039312186982687077,0.04288775712100146,0.04646328148034284,0.05003875203924232,0.05361317428028189,0.057185432356339265,0.06075549726727487,0.0643230540810102,0.06788778245920668,0.07144936661520827,0.07500807242214964,0.07856850333850622,0.08212969527817168,0.08569174257413407,0.08925458186352808,0.09281814874026166,0.09638237862166453,0.0999472020876065
0.0,0.00358260334482508,0.007165172703788484,0.010747605951560227,0.014329841252992285,0.017911814704208707,0.021493461202942807,0.025074715419485655,0.028655511991287092,0.032235785555791506,0.035815470759846035,0.0393945022828869,0.04297281491306234,0.04655034263044472,0.05012699945957013,0.05370134969583201,0.05727546930196863,0.06084958528422968,0.06442370128933965,0.06799781756340384,0.07157194005669813,0.07514646585183661,0.07872099164779661,0.08229511414152278,0.08586923041580624,0.08944334642536035,0.09301746245944685,0.09659157960336788,0.10016570388172802
0.0,0.003582603345648356,0.0071651727082203765,0.010747605979054263,0.014329841421637304,0.017911815505200376,0.021493465372717315,0.025074908915122613,0.028650639079265752,0.0322262269421537,0.035802197162974676,0.039378249555974104,0.04295407372715599,0.04652936530872468,0.0501042824572088,0.053682825774994274,0.05726138460536184,0.06083994275487942,0.06441850044494289,0.06799705804741307,0.07157561563787042,0.07515417322672842,0.07873273081537734,0.08231128840445044,0.08588984599612644,0.08946840360204873,0.09304696132319488,0.09662552017467535,0.1002040861725554
0.0,0.00357931281544195,0.007158324112845917,0.010736689758004203,0.01431409032249227,0.017890205426480774,0.02146471880483501,0.025037833613239063,0.028610948419475563,0.03218546178514909,0.03576157683149272,0.039338977127041146,0.04291734150343268,0.046496348578676315,0.0500756768737858,0.053655004875979406,0.05723401107294924,0.06081237398644739,0.06438977223464362,0.06796588469916615,0.07154039013039813,0.07511295348681656,0.07868062759466855,0.08224608592880879,0.08580936904129949,0.08937017278438346,0.09292818822397679,0.09648310816171081,0.10003465187137821
0.0,0.0035826033448250814,0.007165172703788531,0.010747605951560437,0.014329841252993282,0.01791181470421431,0.02149346120297657,0.025074715419674057,0.028655511992263846,0.03223578556100601,0.03581547079136407,0.03939450247880554,0.0429728159167595,0.04655034565404504,0.05012699599245655,0.05369307976329032,0.05725805838012618,0.06082302386356384,0.06438798963194457,0.06795295544208592,0.07151793373819598,0.07508361487420896,0.07865560634985445,0.08222579164416678,0.08579386145644087,0.08935949615328453,0.09292237556616158,0.09648218264444296,0.10003865128392485
0.0,0.0035760141848468906,0.007151728778457738,0.010726821894720982,0.01430098433563816,0.0178739066353835,0.02144528391055897,0.025015283345996023,0.02858528277990591,0.032156660047306905,0.03572958231310339,0.03930374460522618,0.04287883711364698,0.04645455488471977,0.05003090686220849,0.053610227297825476,0.0571892198380457,0.06076755985427687,0.06434492608996864,0.06792099723031937,0.07149545815313925,0.07506855655632626,0.07864544712178342,0.0822223842337447,0.0857993223704606,0.08937626004788639,0.0929531976137676,0.09653013645027231,0.10010708793390453
0.0,0.0035826033454000217,0.007165172706945062,0.010747605971111206,0.014329841368472577,0.017911815239366097,0.021493465055796825,0.025074918295272974,0.028653518931967454,0.032232013942937954,0.03581059846260141,0.03938895760224497,0.04296676996223339,0.04654371417489373,0.05011946894377364,0.05369371307693202,0.057266125518649076,0.06083638538706743,0.06440417207321769,0.06796916551990716,0.07153104801921083,0.0750898122424338,0.07864477214291776,0.08220084084207772,0.08575841202802266,0.08931718270182222,0.0928768442277423,0.0964370881184919,0.0999976081828385
-3.614007241618348e-20,1.1648124189159542e-5,4.7000268077407506e-5,0.0001058573731960645,0.00018825043183036213,0.00029417887274327975,0.00042363399568449755,0.0005766045625514616,0.0007530772953696406,0.0009530368807556616,0.0011764659571643328,0.001423345099612465,0.0016936525995209359,0.0019873633335659737,0.0023049472495850934,0.002651694452007844,0.0030323515804165074,0.003446724107448489,0.003894771887505121,0.00437645717164755,0.004891750754899115,0.0054400293995797025,0.006009400138730073,0.006589090716342425,0.0071793972451254075,0.007780317585969236,0.008391840018201929,0.009013940151231971,0.009646350904815608
-3.614007241618348e-20,5.278572596576069e-6,2.154165969512103e-5,4.859314697187588e-5,8.64616809936153e-5,0.00013515389352324693,0.00019466085284362765,0.00026467092344754087,0.0003555236868124792,0.0004796606351617606,0.0006377096504304626,0.0008296430498301847,0.00105544062226551,0.0013151065309117476,0.0016084901784615838,0.0019071197132103721,0.0021829673600452415,0.0024352524892613282,0.0026639931888018616,0.002869170398778898,0.003050742007365132,0.0032090682664498546,0.003367318155101242,0.003548660726975091,0.0037534602416620187,0.0039816750689414026,0.004233286086586969,0.0045082642958893014,0.004806427450441677
-3.614007241618348e-20,5.278573611081629e-6,2.1541665385809577e-5,4.859313478331871e-5,8.646114750600089e-5,0.0001351492335730303,0.00019465915317803907,0.0002651610633981059,0.00034115220533495277,0.0004175747752012448,0.0004939811763401357,0.0005703866036041533,0.0006467939803656507,0.0007232266727313333,0.0007988069596570126,0.0008614773407751705,0.0009003194022221758,0.0009156051117232897,0.0009073407923877774,0.0008755240309136883,0.0008201383782682109,0.0007415505294958271,0.0006465336014647535,0.0005408235426601767,0.00042429887197877736,0.00029695750619750154,0.00015880140719921082,9.846586148308312e-6,-0.00014964157105664373
-3.614007241618348e-20,-1.0474985916370579e-13,1.5402229312467027e-12,2.7782913570684918e-11,2.997342154766161e-10,2.2707722488703777e-9,4.0255178442703566e-9,-6.386046984407624e-7,-2.2727134861275232e-6,-4.350028048432285e-6,-6.4320123104342e-6,-8.511971888972921e-6,-1.0589907034854861e-5,-1.2672516148205964e-5,-1.5198567498803488e-5,-1.8714743903099962e-5,-2.2874571269964762e-5,-2.70338709317391e-5,-3.119060404430146e-5,-3.534726239936367e-5,-3.949242497683884e-5,-4.377640034629808e-5,-6.394354959688881e-5,-0.00011757648083138339,-0.00020514323040020735,-0.00032662004132656615,-0.00048199745910059187,-0.0006712391427281598,-0.0008938855752147318
-3.614007241618348e-20,-3.323392467935492e-13,-4.087414244959356e-12,-2.5695191293637998e-11,-1.0896557138007372e-10,-5.633995004463476e-10,-3.941281514434105e-9,4.4676186846727855e-7,6.6976071932350866e-6,2.3937584257800697e-5,5.2004427708029074e-5,9.08946935573662e-5,0.00014060876248921694,0.00020114262924485717,0.0002722257755179096,0.00034815304396642867,0.00042388953368525787,0.0004996230346955014,0.0005753583775039108,0.000651097534062263,0.0007268284623098511,0.0008020408997912724,0.0008921154730419078,0.0010152072645648255,0.0011722200239250166,0.0013631191381962727,0.0015878873359542911,0.0018464817999107926,0.002138437500815282
-3.614007241618348e-20,-5.278575373852119e-6,-2.1541682020377974e-5,-4.859322265708993e-5,-8.646127898226878e-5,-0.0001351475521512745,-0.0001946602780963628,-0.00026523676953986875,-0.00032559260052305753,-0.0003527077765951808,-0.0003458725619434415,-0.0003051132134353107,-0.00023043228418026702,-0.0001218150568833767,1.9847628277417367e-5,0.00017667127168635025,0.00033297761826142457,0.0004892757608479253,0.000645577333435109,0.0008018780475707311,0.000958181775255862,0.0011146760627399244,0.001266287560588279,0.0014073486713852609,0.001537592070923515,0.001657011888384869,0.0017656048769931836,0.0018633827373946245,0.0019506076155954308
-3.614007241618348e-20,9.857168046752997e-15,3.9322205792428435e-14,8.82456864607353e-14,1.5644978903692468e-13,2.4370875382956494e-13,3.497188257887525e-13,4.74099177207336e-13,6.169207662940615e-13,7.78315781575366e-13,9.578171719075766e-13,1.1548377819572979e-12,1.369204005545726e-12,1.6093873348392964e-12,1.966980710277727e-12,3.053436486764235e-12,7.244401448602623e-12,1.7249179859748548e-12,-3.0994512926632654e-10,-2.905449875388407e-9,-3.785407308180204e-10,3.300717419942482e-7,-9.685475170569482e-6,-4.262728668917307e-5,-9.914652751434471e-5,-0.00017921148304444852,-0.0002828138198460698,-0.0004099371377759079,-0.0005604107057997095
-3.614007241618348e-20,-1.164812498028846e-5,-4.70002719257594e-5,-0.00010585737206298383,-0.00018825027637557983,-0.0002941784523949334,-0.00042365092016219207,-0.0005766772572947849,-0.0007411279260632122,-0.0009056957081349631,-0.0010702617135310672,-0.0012348286208188318,-0.0013993969554819217,-0.0015639606493291186,-0.001728090781571777,-0.0018911974724616998,-0.002053673413597167,-0.002216162105617798,-0.0023786508191540054,-0.0025411221050970914,-0.002703572619458515,-0.002865852571264876,-0.003012236790921999,-0.003125160408239115,-0.003204155653275184,-0.0032492315271797274,-0.0032603825337396315,-0.0032376301247001374,-0.003181420002989948
-3.614007241618348e-20,1.1648124230165347e-5,4.7000265565538145e-5,0.00010585733615225193,0.0001882502411549835,0.0002941802530178758,0.00042366077190467757,0.0005758596453365677,0.0007387253266033754,0.000901302995114686,0.0010638755179753232,0.0012264500511615136,0.0013890230513539023,0.0015515997149663189,0.001714222220848779,0.0018607031503715017,0.0019736959556239985,0.0020527588999063634,0.0020979026859751374,0.002109121694018993,0.00208639355131704,0.002030614287235578,0.001959777495412474,0.0018894586963329768,0.0018191481126065877,0.0017488339078834804,0.0016785192131663692,0.001608204476713724,0.0015378894964100092
-3.614007241618348e-20,1.1648125430408548e-5,4.700027650554425e-5,0.00010585739072284812,0.0001882502611844201,0.0002941782335500647,0.0004236571047934393,0.0005763244140706154,0.0007289607697881588,0.0008583468200595998,0.0009641217501081563,0.0010463009690436858,0.0011048754083551147,0.0011398179031589448,0.0011519698918703474,0.0011535963789191717,0.0011555123123553272,0.0011574334853689187,0.0011593527331465012,0.001161271199619701,0.0011631913151007617,0.0011649852731412606,0.001155548076468296,0.0011226103862607615,0.0010661673227764577,0.0009862408802642642,0.0008828374466666104,0.0007559732733494409,0.0006058186634714338
-3.614007241618348e-20,-1.2248699798393717e-12,-7.642908451710754e-12,-3.3662900931413115e-11,-1.2307269420877836e-10,-5.853504712081527e-10,-3.972755462467115e-9,4.46719229985025e-7,6.697551750554601e-6,2.3937514246888726e-5,5.2004340414796875e-5,9.089458663660236e-5,0.0001406086619170113,0.00020114259313388236,0.00027222405992721076,0.0003480724939166168,0.00042372145203535945,0.0004993673012579407,0.0005750147456931738,0.0006506625608945841,0.0007263074771768309,0.0008016780118836145,0.0008710705127838377,0.0009294501722058868,0.0009770025505564121,0.0010137309613565868,0.0010396326104733999,0.0010547203056908208,0.0010592573384294545
-3.614007241618348e-20,-3.404112477288732e-17,-1.3517064710010426e-16,-3.0272844597142395e-16,-5.358341718103334e-16,-8.334098340192936e-16,-1.1944406871274942e-15,-1.6181898124708234e-15,-2.103752578861614e-15,-2.652128485177626e-15,-3.273397223491186e-15,-4.0352689135399076e-15,-5.459580225336431e-15,-1.261117031387416e-14,-7.319539160161818e-14,-5.314296959169898e-13,-2.632125427739653e-12,2.0758059069661983e-12,1.9111552596109247e-10,1.725576436191135e-9,2.236289359681937e-10,-1.9217029912047276e-7,4.421801243665955e-6,1.958075027199969e-5,4.5559827080805084e-5,8.236215000205782e-5,0.0001299880909212122,0.00018842315848433246,0.0002574030193342892
-3.614007241618348e-20,-1.669931901480619e-5,-6.764641439080162e-5,-0.00015243162013986062,-0.00027111356703411906,-0.00042369430293734254,-0.0006101791239173898,-0.0008301257807156811,-0.0010662182634952621,-0.0013022602229961725,-0.0015382985224388262,-0.001774338909944993,-0.002010379528801309,-0.0022464173492223014,-0.0024821906762810585,-0.002712079790048235,-0.0029309774122046116,-0.003139065577419359,-0.003336344930097953,-0.0035228107348390636,-0.0036984594109846004,-0.0038632877434007632,-0.0040172927245337815,-0.004160471541816994,-0.0042928215504054,-0.00441434004833269,-0.004525023831547264,-0.004624884377636012,-0.004714183945723717
-3.614007241618348e-20,-8.727720265430961e-13,-6.40028748869291e-12,-2.3546634086538787e-11,1.3501003462129346e-11,3.692153140630069e-10,-5.747099612858198e-9,3.192486299962331e-7,1.1899668743352906e-5,4.682710738781605e-5,0.00010531601988503133,0.00018733940861987154,0.00029289177947724527,0.0004219917243970188,0.0005740128368052734,0.0007367066916661359,0.0008990742992083518,0.0010614368417311744,0.001223802139442519,0.001386171369345023,0.0015485323677235173,0.001710374986691868,0.0018869520767693267,0.002096500300943861,0.002339927253887955,0.002617190757334756,0.002928265781367815,0.0032731018211697403,0.0036512272804289946
-3.614007241618348e-20,4.460424762967605e-13,2.5585020241782126e-12,-2.1204477072369024e-12,-1.9111050524614246e-10,-1.7254972736071445e-9,-2.2345540858999483e-10,1.9217050344861901e-7,-4.421801244836763e-6,-1.958074944170213e-5,-4.555978065983694e-5,-8.236154292359017e-5,-0.0001299842512498477,-0.0001884299725757832,-0.0002578595948387841,-0.0003330173113218859,-0.00040860280432642175,-0.0004841587889320806,-0.0005596811857267375,-0.0006351638285884163,-0.0007106026159900365,-0.0007855416208193164,-0.0008547071434435153,-0.0009128660797708505,-0.0009601786745477309,-0.0009966468905027923,-0.00102226790747884,-0.0010370545569823918,-0.0010412706288063138
-3.614007241618348e-20,7.818106971139776e-13,4.734603810421204e-12,-9.627789226353803e-13,-3.127742053476648e-10,-2.908401600812774e-9,-3.815924256384619e-10,3.3006855891370275e-7,-9.685478822966248e-6,-4.262729092579611e-5,-9.91464942596245e-5,-0.00017921092150501787,-0.00028281000718182115,-0.0004099423223747636,-0.0005608716604838637,-0.0007245874253385653,-0.0008891431625144417,-0.0010536734566898608,-0.0012182018034123845,-0.0013827311158685534,-0.0015472769282575966,-0.0017114184334399939,-0.0018703294200004435,-0.0020182653751636285,-0.0021553941495572396,-0.002281715206588111,-0.0023972239398399324,-0.0025019315220078664,-0.002596099591051029
-3.614007241618348e-20,-2.964526546337179e-14,-1.1858035203987736e-13,-2.668026514327278e-13,-4.743020783029645e-13,-7.410530279739691e-13,-1.067001059944156e-12,-1.4521709521859863e-12,-1.8971854732507793e-12,-2.400797327595499e-12,-2.962654963795094e-12,-3.5822495832753642e-12,-4.2584262746827645e-12,-4.981099509887963e-12,-5.645211913286375e-12,-5.6636522045363704e-12,-2.64646163881354e-12,-9.405395983797058e-12,-3.223762959072364e-10,-2.9192367222576987e-9,-3.9373177509837456e-10,3.300551024902679e-7,-9.685493286282433e-6,-4.262730633043857e-5,-9.914654871399117e-5,-0.0001792115058292062,-0.0002828138442361428,-0.0004099371637845244,-0.0005604107334328072
-3.614007241618348e-20,8.171371057282082e-14,3.267770445738325e-13,7.35226873347229e-13,1.3069620103371314e-12,2.0423376650215456e-12,2.9491551796865848e-12,4.1021445606994975e-12,6.128843959553458e-12,1.1394987786286144e-11,7.09016486743607e-12,-3.032302921161334e-10,-2.8972536506920805e-9,-3.687342285100521e-10,3.300832675249944e-7,-9.685461840639233e-6,-4.2627270515470854e-5,-9.914648913072148e-5,-0.00017921123636545916,-0.000282812595083327,-0.0004099416061761778,-0.0005605872550181016,-0.000734736472902381,-0.0009323741525740823,-0.0011534831666587828,-0.001398044499614421,-0.001666037517971305,-0.001957431592555645,-0.0022720428489917638
-3.614007241618348e-20,5.2785734191201635e-6,2.1541664237746586e-5,4.859313066778538e-5,8.64611479440064e-5,0.00013514940742241304,0.00019466054591200932,0.00026515546966227147,0.00034137744085397455,0.0004180267845785641,0.0004946461775981317,0.0005712311823468694,0.0006477737772909831,0.0007242691158389326,0.0008013617700565466,0.0008794415670180314,0.000957960187359609,0.0010364834858303579,0.0011150053877872926,0.0011935281875000711,0.0012720480122547725,0.0013503856441663728,0.0014335758349798766,0.0015273199721605702,0.0016318964013130642,0.0017473068678051523,0.00187355031312991,0.0020106108281245003,0.0021582227108172688
-3.614007241618348e-20,-5.278571595247476e-6,-2.1541655692755773e-5,-4.859313796884104e-5,-8.64616649920094e-5,-0.00013515386852869512,-0.00019466081683668955,-0.0002646708742575875,-0.00035552361990977553,-0.00047966053736125036,-0.0006377094894583823,-0.0008296426812427949,-0.0010554385015772616,-0.0013150857605353347,-0.0016090100333096158,-0.0019206841430177508,-0.0022335944301694415,-0.0025464633783563416,-0.002859329603678996,-0.0031721979208194817,-0.0034850919595065706,-0.0037971659737494963,-0.004096646620507786,-0.004372355821598525,-0.0046245439433556445,-0.004853196493049408,-0.005058291418764311,-0.005239818143627694,-0.005397921513542351
-3.614007241618348e-20,-1.164812543037142e-5,-4.700027650539741e-5,-0.0001058573907225222,-0.00018825026118384844,-0.0002941782335491849,-0.0004236571047921914,-0.0005763244140689422,-0.0007289607697860079,-0.0008583468200569241,-0.0009641217501049379,-0.0010463009690399048,-0.0011048754083493192,-0.0011398179031357968,-0.0011519698918157797,-0.0011535963776471139,-0.001155512300387604,-0.0011574333940946565,-0.001159352225150414,-0.001161269396834679,-0.0011631895984098475,-0.0011653013999615293,-0.0011625955289487821,-0.0011493176150861987,-0.001125191874153811,-0.001090215146198723,-0.0010443870234214858,-0.0009877220000271078,-0.0009204850598792139
-3.614007241618348e-20,-1.164812460730163e-5,-4.7000267317486916e-5,-0.00010585732008027191,-0.0001882498986198618,-0.0002941776107887463,-0.00042366144890408137,-0.0005761463312817422,-0.0007286312140098853,-0.000858115055120668,-0.0009640427974901138,-0.0010464349726297666,-0.0011052826404046583,-0.0011405533483549572,-0.0011528985219530637,-0.0011549027604793242,-0.0011572349331380664,-0.0011595722352794543,-0.0011619074380233214,-0.001164243685265209,-0.0011665769095440019,-0.0011687191940766323,-0.0011756672734869603,-0.0011931616706005045,-0.0012214760355550847,-0.0012606134930598523,-0.0013105743989970163,-0.0013713442202705447,-0.001442658592800989
-3.614007241618348e-20,5.2785736628435865e-6,2.1541672122795177e-5,4.8593228607253476e-5,8.646197630318379e-5,0.00013515387170650174,0.00019466078080917205,0.0002645233706755009,0.000343997219750692,0.000433820512043532,0.0005344581619548555,0.0006459160948153569,0.0007681911852622904,0.0009012808296990143,0.0010451825364487161,0.0011998936720939405,0.0013654114191975826,0.0015417328191620454,0.0017288550274145653,0.001926775726300499,0.0021354837980159104,0.0023545263941728,0.002583163546328988,0.0028221353099983086,0.003071911493994623,0.003332495694033904,0.0036038830566893078,0.0038860549368349667,0.004178744248528863
-3.614007241618348e-20,-1.1648125061060623e-5,-4.700027350667269e-5,-0.00010585738569318462,-0.000188250464194262,-0.000294181278709555,-0.0004236716346960611,-0.0005756218612151162,-0.0007323758552550273,-0.0008778127413286096,-0.0010124112456131498,-0.001136179769944043,-0.0012491141382938015,-0.0013512087019954746,-0.0014423000716374428,-0.0015274856483797488,-0.0016121433483355088,-0.0016967287590140773,-0.0017812316311322538,-0.001865642659560328,-0.0019499655573685486,-0.002034051397074396,-0.0021022045844754826,-0.002136885552703543,-0.0021376266483447773,-0.002104443781942317,-0.0020373384852850314,-0.0019363392135132308,-0.0018018982791762174
-3.614007241618348e-20,-5.278572811562026e-6,-2.1541660682954694e-5,-4.8593136525600606e-5,-8.646146129952574e-5,-0.00013515210054120176,-0.00019465930180255844,-0.0002648325255597245,-0.0003509389521359141,-0.0004603863613682922,-0.0005933725572518685,-0.0007498734651301132,-0.0009298763197078076,-0.0011333930978136353,-0.001359809223448536,-0.001597039301485396,-0.0018339441913925913,-0.002070844014238749,-0.0023077457886880467,-0.0025446456115334696,-0.0027815505014518595,-0.003018780579679852,-0.00324519670600716,-0.0034487134851196714,-0.0036287163214123175,-0.0037852170618083943,-0.003918203508370234,-0.004027671566344812,-0.0041137718646120725
-3.614007241618348e-20,5.278574574168412e-6,2.1541677379442467e-5,4.859322485007562e-5,8.646159458002326e-5,0.00013515042487290057,0.00019466037518179138,0.00026490798369051364,0.0003351555919429424,0.0003946655404027702,0.0004433543219024794,0.0004812218288855238,0.0005082650537394344,0.0005244912239783843,0.0005303626398312217,0.0005266207077482269,0.000512523903624846,0.000487610050918783,0.00045187190253038806,0.0004053112039173149,0.0003479291774450452,0.0002797269330525052,0.00020070572301488776,0.00011086698872516618,1.0212338935948064e-5,-0.00010125667410593797,-0.00022353900202137341,-0.00035661902441097327,-0.0005002316228777756
-3.614007241618348e-20,-7.731463750736568e-13,-4.699976492544349e-12,1.0406720786764606e-12,3.1291266171688245e-10,2.908617903900299e-9,3.8190382642392284e-10,-3.300681352282579e-7,9.6854793758104e-6,4.262729162481688e-5,9.914649512169428e-5,0.00017921092254669527,0.0002828100084189177,0.00040994232382847917,0.0005608716622988661,0.0007245874278878823,0.0008891431676536885,0.001053673481060471,0.001218201935808677,0.0013827305397722048,0.0015472591833418233,0.001711787830603063,0.001876316477964969,0.0020408451253136283,0.0022053737726666477,0.0023699024200248514,0.0025344310673870146,0.0026989597147513296,0.002863488362116948
-3.614007241618348e-20,-1.1648118606114792e-5,-4.700024051071536e-5,-0.00010585725197851244,-0.00018824983622960602,-0.00029417776885289217,-0.0004236546318218694,-0.000576480998692855,-0.0007406915198809491,-0.0009052269903491082,-0.0010697495068845632,-0.0012342512967786336,-0.0013987173556079717,-0.0015631328487990678,-0.0017274815725738903,-0.0018914597242309392,-0.002055399845821656,-0.0022193395604055174,-0.0023832792770688087,-0.0025472189732706177,-0.002711159058256784,-0.002875137155433275,-0.003039485806449655,-0.003203901206490905,-0.0033683671450975942,-0.0035328688520699313,-0.003697391578025988,-0.0038619205872883083,-0.0040264416413412244
-3.614007241618348e-20,-1.669931799485777e-5,-6.764640977217028e-5,-0.0001524316059799724,-0.0002711135336255595,-0.00042369423310936993,-0.0006101776006018698,-0.0008300958963450264,-0.0010658583393045428,-0.0013017078876378992,-0.0015374937450354433,-0.001773206577737843,-0.0020088252332357563,-0.002244317323263923,-0.002479834279384532,-0.0027311268298686833,-0.003015771498286142,-0.0033342352701871032,-0.0036864734187341303,-0.004072454346845548,-0.004492160338791511,-0.004945126656385487,-0.005413903281948149,-0.005882870018933696,-0.0063518783730858635,-0.006820898012035378,-0.007289885428953626,-0.007758798424761507,-0.00822759762194779
-3.614007241618348e-20,-1.1648125427767627e-5,-4.7000276494994906e-5,-0.00010585739069916356,-0.00018825026114253603,-0.0002941782334855253,-0.00042365710469850136,-0.0005763244138632114,-0.0007289607691646558,-0.0008583468181346971,-0.00096412176664868,-0.001046301316931499,-0.0011048780844240377,-0.0011398173120967718,-0.0011516820098522215,-0.0011635467061895308,-0.0011984859288337172,-0.0012570626597848663,-0.0013392422544305626,-0.0014450192634342465,-0.0015744070455709542,-0.0017265713606447282,-0.0018894293484012338,-0.002051998572887931,-0.0022145625877063404,-0.0023771286602718707,-0.0025396950447603046,-0.0027022614978346117,-0.0028648282743295437
-3.614007241618348e-20,5.278574123730057e-6,2.1541674675844285e-5,4.859322598516706e-5,8.646178368856745e-5,0.00013515215490588736,0.0001946605940617798,0.0002647147614035581,0.0003395356192688918,0.00041415713978706697,0.0004887754720479886,0.0005633948363322163,0.0006380123192685753,0.000712634990836542,0.0007875461971028354,0.0008518749691869217,0.0008934658974644031,0.0009114826227550901,0.0009059459256735898,0.0008768579593683804,0.0008241915894741467,0.0007485051936242552,0.000672818797372565,0.0006201524241368754,0.0005910645027129842,0.000585528151727961,0.0006035442606644887,0.0006451041838092298,0.0007100443333433381
-3.614007241618348e-20,-1.164812496681694e-5,-4.7000271871920434e-5,-0.0001058573719420845,-0.00018825027616187459,-0.000294178452064573,-0.0004236509196703859,-0.0005766772564484349,-0.0007411279225028405,-0.0009056956876258532,-0.0010702616062119477,-0.0012348281587141812,-0.0013993959068726546,-0.001563960853190654,-0.0017283537037422246,-0.0018976358157844087,-0.002077451164253349,-0.0022680807559773437,-0.0024695243551317446,-0.00268177718718517,-0.0029048383118697794,-0.0031388650718831485,-0.0033784743159281003,-0.0036184853198738057,-0.003858441450881159,-0.004098324044000682,-0.004338111859285296,-0.004577783537977721,-0.004817319990320067
-3.614007241618348e-20,1.164812441025135e-5,4.700026896118484e-5,0.0001058573751833411,0.00018825043536092108,0.00029417887825635683,0.00042363400362901293,0.0005766045734912473,0.0007530773107510682,0.0009530369063584285,0.0011764660029443483,0.0014233450767263747,0.001693652751242911,0.0019873836400422606,0.0023045619524676964,0.0026332830702835916,0.0029621112818700467,0.003290937472051341,0.0036197642737684217,0.003948592277131676,0.004277417777019132,0.0046060899574284185,0.004939734143492281,0.0052838998491542355,0.005638874013446299,0.006004653986962135,0.006381234149307235,0.006768594155545622,0.007166465470438987
-3.614007241618348e-20,-2.250847964727958e-13,-7.081823937492814e-14,1.4996655177490216e-11,1.125591016193916e-10,-6.232365853736533e-10,-1.718662010052507e-8,4.207447392281069e-7,6.566582407996168e-6,2.3708239385535683e-5,5.1673741855883146e-5,9.046061181956858e-5,0.00014007125464659309,0.0002004965243093338,0.0002714247953042275,0.00036319485314870804,0.00048824875135763344,0.0006472143867343533,0.0008400642906864396,0.0010667800361427858,0.0013273593118791147,0.0016213602898557215,0.001931505630926598,0.00224159625384144,0.002551683081483843,0.0028617717343203818,0.00317186043597146,0.0034819491842192824,0.0037920385397577448
-3.614007241618348e-20,5.278573610048958e-6,2.1541665381683646e-5,4.859313477404944e-5,8.646114748962035e-5,0.0001351492335479918,0.00019465915313637483,0.0002651610631011886,0.0003411522065428212,0.00041757478043608147,0.0004939812242332854,0.0005703868401138132,0.0006467925377451078,0.0007231985349543548,0.000799623348539176,0.0008762254958195747,0.0009528276979752867,0.0010294298580515746,0.0011060320035574762,0.001182634149438137,0.001259236440064622,0.0013358475997514916,0.00141253626573885,0.0014892251621096899,0.0015659140718881244,0.0016426029789273157,0.0017192918847417134,0.0017959808179092488,0.0018726700222386856
-3.614007241618348e-20,1.6699318864407162e-5,6.764641080693213e-5,0.00015243156969730752,0.0002711130166647328,0.0004236895216114716,0.0006101574945265365,0.0008309499548261532,0.0010696666515976568,0.0013096371166978682,0.0015495664207818137,0.0017894930533078827,0.0020294207336496346,0.002269365230644309,0.0025089280342677793,0.0027434742998257594,0.002967045824160713,0.0031798087199746395,0.003381761638531027,0.0035729027573069717,0.0037532198606818647,0.0039224846744639755,0.00410175624526466,0.004314186867878001,0.0045604977502932366,0.004840641891112958,0.005154595113144647,0.005502306833696705,0.005883305251592547
-3.614007241618348e-20,-4.5481429020621973e-14,-1.819242987140228e-13,-4.093250944581601e-13,-7.276738850740715e-13,-1.1369506884898427e-12,-1.6371611284395548e-12,-2.226782610119787e-12,-2.8842958199190335e-12,-3.5800716966788927e-12,-4.3031721758673746e-12,-5.0429869534808075e-12,-5.791255109743442e-12,-6.53158656898437e-12,-7.203053397498379e-12,-7.724772839280496e-12,-4.72031450633787e-12,-1.478684129012516e-11,-1.0559516877499506e-10,6.386486386837922e-10,1.7212137753697155e-8,-4.2070574241372046e-7,-6.566531325043987e-6,-2.3708180079644932e-5,-5.167369450626292e-5,-9.046059556989255e-5,-0.00014007050500100117,-0.00020048928779342593,-0.0002714526505666234
-3.614007241618348e-20,1.1659374468230965e-13,-1.4931857155895886e-12,-2.767798823961117e-11,-2.995500701790227e-10,-2.2704897917230612e-9,-4.025104577038822e-9,6.38605271550788e-7,2.2727158239104573e-6,4.350043695100874e-6,6.4321359782160346e-6,8.512966218423971e-6,1.0595417676883718e-5,1.2672630393797084e-5,1.4461186278135516e-5,2.6746405729622108e-5,6.176006328019667e-5,0.00012034130384679219,0.00020246318020392486,0.00030811643218731907,0.0004372901086608765,0.0005904532644321923,0.0007727668207393889,0.0009891129785304254,0.0012393125560553524,0.0015233405366912268,0.0018411742397516507,0.0021927629555612096,0.002577634646333414
-3.614007241618348e-20,2.66203820597187e-16,1.0972171160643824e-15,2.7111186830675732e-15,6.168743313832044e-15,1.448224011868186e-14,2.2095726308375464e-14,6.818441414236341e-14,-1.395731386775968e-13,-6.2751871699982444e-12,-3.90063695889606e-11,-3.19321783616349e-10,-2.300519941158751e-9,-4.067147392135633e-9,6.385476607128303e-7,2.272640365668336e-6,4.349936642129166e-6,6.431915739554467e-6,8.512168170384283e-6,1.0592440202047993e-5,1.2670968439270934e-5,1.4876212803330638e-5,2.8338773253007444e-5,6.5365208058471e-5,0.00012596076604931905,0.00021010305691005455,0.0003177853285253163,0.0004489909394613131,0.0006035487923370825
-3.614007241618348e-20,-5.278574564652502e-6,-2.1541677316083336e-5,-4.859322465189102e-5,-8.646159429234969e-5,-0.0001351504157138816,-0.00019466029996019867,-0.0002649076977841842,-0.0003351529963321938,-0.0003946562569691241,-0.0004433336922876039,-0.00048118532090556955,-0.0005082092774127359,-0.000524408395587977,-0.000530057995832079,-0.0005308986130466488,-0.0005319301021328501,-0.000532964690897046,-0.0005339980884330663,-0.000535030831635457,-0.000536065239252915,-0.0005369731751466395,-0.000526627071253625,-0.0004927306676917419,-0.00043527899503215936,-0.00035429416897737545,-0.0002497826681148227,-0.00012176085519976578,2.9600531243158335e-5
-3.614007241618348e-20,-1.0897137311699934e-13,-3.730482907084367e-12,-4.6499188425523715e-11,-2.365402058556907e-10,1.4397442891915872e-9,2.828099605393401e-8,-8.0721329782094e-7,-1.464683607555124e-5,-5.2318389595841546e-5,-0.00011354311827678102,-0.00019830807482772007,-0.0003066090387026448,-0.0004384559861799283,-0.0005934900626727096,-0.0007650642679102295,-0.0009473307814931705,-0.0011404090049629198,-0.0013442990494637842,-0.0015589934316509256,-0.001784496966425514,-0.0020210523920675696,-0.0022472700465049956,-0.0024402777268788677,-0.002599375663126924,-0.0027245752162839924,-0.0028158641542280587,-0.002873256851756708,-0.0028971920532083646
-3.614007241618348e-20,-1.6699318864420803e-5,-6.764641080698826e-5,-0.000152431569697461,-0.00027111301666513283,-0.00042368952161251017,-0.0006101574945265922,-0.0008309499547418052,-0.0010696666519857906,-0.0013096371208318955,-0.0015495664834392659,-0.0017894934089774841,-0.002029418704430161,-0.0022693194031720037,-0.0025101104253691525,-0.0027641533814193463,-0.003041951520101726,-0.003343205826863897,-0.0036678824558216637,-0.004015955597576843,-0.004387435167723084,-0.004781552006905435,-0.005170465139509988,-0.005525733157991792,-0.005847206943726449,-0.006134881732842209,-0.006388728398106007,-0.0066087463133120555,-0.006795359299662005
-3.614007241618348e-20,-1.1648124705255407e-5,-4.700026939113518e-5,-0.00010585736114591341,-0.00018825036212857292,-0.00029418066614293823,-0.000423667023319316,-0.0005760827901188344,-0.0007391758254787305,-0.0009019425050522853,-0.0010647041015750384,-0.0012274679625190084,-0.0013902321297423097,-0.0015529962775258027,-0.0017157599331266568,-0.0018783590885161053,-0.0020409394185295915,-0.00220351944786068,-0.0023660996570138743,-0.0025286812160598905,-0.0026912600398649026,-0.0028536669496674384,-0.003020952203434219,-0.0031987490737176143,-0.00338733797157581,-0.003586719157189895,-0.0037968900389560426,-0.004017833261281707,-0.004249282958838677
-3.614007241618348e-20,-1.1648124077099993e-5,-4.700026238862263e-5,-0.00010585730119390989,-0.00018824992370291042,-0.00029417790549237955,-0.00042365482849761717,-0.000576481266029747,-0.000740691868055656,-0.0009052274208276946,-0.0010697500241747097,-0.0012342521460685504,-0.001398720175233325,-0.0015631282152468798,-0.0017276269908754617,-0.0019079561598504787,-0.0021216875247540273,-0.002369288481878521,-0.0026507206764624387,-0.002965959304778389,-0.0033150024840401617,-0.003697161725057975,-0.00408973726835462,-0.004471268632780239,-0.004842002498602729,-0.005201940725772292,-0.005551072637365095,-0.005889405137941848,-0.006217196373769113
-3.614007241618348e-20,5.278573197515895e-6,2.1541663185758926e-5,4.859314067491363e-5,8.646136569001876e-5,0.00013515119988183167,0.00019466214913004364,0.00026499311174292637,0.00034614279590278006,0.0004381097202172388,0.0005408921969383557,0.0006544881726745243,0.0007788944383940654,0.0009141131760713595,0.0010603281665097916,0.0012124728038169891,0.0013648869198709258,0.0015173038631867489,0.0016697206194387197,0.0018221371310433471,0.0019745538421761404,0.0021269877386213575,0.0022794216330249235,0.0024318383286666373,0.0025842547590680907,0.0027366711781835825,0.002889087598346437,0.0030415040658378473,0.003193920837573921
-3.614007241618348e-20,5.278574963461323e-6,2.154167953152896e-5,4.859322456393075e-5,8.646147078972217e-5,0.0001351492952681441,0.00019466050554183098,0.00026504409367131683,0.00032976699309912485,0.00037136071669960385,0.0003893715355511385,0.0003838297249962878,0.00035473477363448237,0.000302067014340812,0.00022666235117824304,0.00014066391843852493,5.495397675580389e-5,-3.075078053569962e-5,-0.00011645760039076678,-0.00020216472811111918,-0.0002878718732428303,-0.00037357901714955925,-0.0004592861606330758,-0.0005449933040492309,-0.0006307004474970258,-0.0007164075912632468,-0.0008021147377718484,-0.0008878219113405906,-0.0009735292560611612
-3.614007241618348e-20,-1.6699320588797995e-5,-6.764642654704106e-5,-0.00015243166621877472,-0.0002711134786676709,-0.0004236924989110551,-0.0006101899174821218,-0.0008302236976378496,-0.0010502574803314573,-0.00123675491995772,-0.0013893340031979815,-0.0015080150098426663,-0.001592786110548588,-0.00164363942961933,-0.0016605704233637498,-0.0016435775828775962,-0.0015926624364857912,-0.0015078295709567357,-0.0013890867885240543,-0.0012364458878573095,-0.001049917549937437,-0.0008293595943062001,-0.0005800080402582494,-0.00030674173694352175,-1.0027429981339302e-5,0.00031011173808346247,0.0006536488667865285,0.001020546837531896,0.001410615654228519
-3.614007241618348e-20,-5.278573196962014e-6,-2.1541663183543345e-5,-4.8593140669913394e-5,-8.646136568102726e-5,-0.0001351511998673037,-0.00019466214910774513,-0.00026499311171124555,-0.0003461427958535756,-0.0004381097199181576,-0.0005408921942001741,-0.000654488150999514,-0.0007788941976845184,-0.0009141103158290283,-0.0010603047295823507,-0.00121176730412807,-0.001363638123113261,-0.0015154925269372443,-0.0016673461087721548,-0.0018191997732420577,-0.0019710539483854283,-0.002122939248747745,-0.002275110062464202,-0.0024272351006887653,-0.00257930077505739,-0.002731293455366407,-0.002883199498058406,-0.003035005365406466,-0.003186699305904607
-3.614007241618348e-20,-1.1648124607313687e-5,-4.700026731750759e-5,-0.00010585732008007972,-0.00018824989861803787,-0.000294177610780373,-0.0004236614489009068,-0.0005761463314156147,-0.000728631215287591,-0.0008581150664780931,-0.0009640428251024556,-0.0010464350353774244,-0.001105285016700845,-0.001140589378207462,-0.0011518797799274282,-0.0011341128302392448,-0.001082262520882759,-0.000996492909740729,-0.0008768145140288414,-0.0007232351366517242,-0.0005357467909729932,-0.00031523502227512936,-7.947496391322336e-5,0.00015576869647671178,0.0003910041799900864,0.000626243267182604,0.0008614828397502444,0.0010967225126571822,0.0013319630125419374
-3.614007241618348e-20,-5.278575384772846e-6,-2.154168206397956e-5,-4.859322275474589e-5,-8.646127915333509e-5,-0.00013514755241050627,-0.00019466027849853005,-0.00026523677046550375,-0.00032559260444475335,-0.00035270780144555056,-0.0003458726701051511,-0.0003051136776679527,-0.00023043518219702477,-0.00012184392448280353,2.0650302663681444e-5,0.0001970346910507799,0.0004072934014919896,0.0006514075399244493,0.0009293548165154276,0.0012411086526762404,0.0015866656612800749,0.0019658753029027825,0.002350249407971372,0.0027118798167574064,0.003049995299156181,0.0033646062587326868,0.0036556855042794417,0.003923215012605299,0.00416733220421604
3.670476104768635e-20,1.1648124222534407e-5,4.70002682099903e-5,0.00010585737349224984,0.0001882504323528687,0.0002941788735525756,0.00042363399684318474,0.0005766045642093126,0.0007530772985701837,0.0009530368925547578,0.0011764660120236379,0.0014233453564844092,0.001693655044123554,0.001987387258218725,0.002303878416997701,0.002630760952145142,0.0029571517184151298,0.0032833251369489263,0.003609260691367343,0.0039349271200039004,0.004260292669657645,0.004585818346395599,0.004917169866433917,0.005259348845634969,0.005612184136387483,0.005975666381796978,0.006349791122222886,0.006734538633171561,0.007129644310218629
3.670476104768635e-20,5.27857341913971e-6,2.1541664237820494e-5,4.859313066793555e-5,8.646114794419787e-5,0.00013514940742212958,0.0001946605459049166,0.0002651554695775289,0.0003413774401375134,0.0004180267811575796,0.0004946461854632429,0.000571231503872681,0.0006477764400779896,0.0007242674379498113,0.0008010419247617695,0.0008889957138442985,0.0010003124116999874,0.001135214506487395,0.0012936683165811218,0.0014756583277776801,0.0016811703883413281,0.0019108319278317782,0.002164621363071563,0.0024424920166057356,0.0027438176321625245,0.003068571622266751,0.0034167278444506275,0.0037882489645313417,0.0041829445792911256
3.670476104768635e-20,5.278573610819263e-6,2.154166538476098e-5,4.8593134780960054e-5,8.646114750181042e-5,0.00013514923356648816,0.00019465915316862667,0.0002651610633853083,0.00034115220531827844,0.0004175747751801816,0.0004939811763142371,0.0005703866035729545,0.0006467939803260974,0.0007232266726565585,0.0007988069596106084,0.0008614773391071602,0.0009003193896367246,0.0009156050371855145,0.0009073404670378606,0.0008755223944205203,0.0008201229424459213,0.0007422493412335254,0.0006596797216821292,0.0005884263977892515,0.0005280086749009707,0.00047841725465640666,0.0004396571272703247,0.00041171601095372183,0.00039433069991110593
3.670476104768635e-20,1.669931887262698e-5,6.76464138224269e-5,0.00015243161886160198,0.0002711135647635019,0.00042369429939251844,0.0006101791187764056,0.00083012577343737,0.0010662182499133067,0.001302260177963268,0.0015382983305315837,0.0017743383640008116,0.0020103803066280454,0.0022464189599157272,0.002482433924770378,0.0027344411861278304,0.0030198280313699904,0.0033390351544100795,0.00369201635302613,0.0040787399272924785,0.00449918813691719,0.004952895587793994,0.005422343270217795,0.00589183388733231,0.006361216888716351,0.006830461978955693,0.007299525624513337,0.007768365718124511,0.008236944840336763
3.670476104768635e-20,-1.6699318553731574e-5,-6.764641196311966e-5,-0.00015243162399066778,-0.0002711137624347071,-0.0004236959789760104,-0.0006101790144685133,-0.0008299355793861418,-0.0010707514616629576,-0.0013220451152871114,-0.0015841215912838433,-0.0018569847280584578,-0.002140627712854527,-0.002435042035063395,-0.002739967619601968,-0.0030498308062758463,-0.0033595045735751567,-0.0036691753721274606,-0.003978847512825105,-0.0042885198466406284,-0.0045981921594646395,-0.0049078643083707045,-0.005217096480639186,-0.005526200076952624,-0.005835189826638401,-0.0061440386553839555,-0.0064527188175802,-0.006761202793269261,-0.0070694666048979156
3.670476104768635e-20,5.278574129661459e-6,2.154167470555784e-5,4.859322600472653e-5,8.646178416107681e-5,0.00013515217241156174,0.00019466069862640785,0.00026471499293067327,0.0003395158798845254,0.0004141164550718148,0.0004887083236962594,0.0005632893632075564,0.0006378517254225731,0.0007123886671308284,0.0007869051296531853,0.0008615042769155248,0.0009361042720297799,0.0010107042799309925,0.0010853040954859135,0.001159902561664743,0.0012345040301255023,0.001309296068781078,0.0013792497356693637,0.0014386655605865058,0.001487273232232506,0.001525068297232354,0.001552048998089919,0.0015682284798794754,0.001573869769078701
3.670476104768635e-20,1.669932059504413e-5,6.764642657205637e-5,0.00015243166627543193,0.00027111347877077565,0.0004236924990801629,0.0006101899176975668,0.0008302236975032701,0.0010502574773871435,0.0012367548963729386,0.0013893338966742734,0.0015080145474554467,0.0015927832125364417,0.0016436108707291808,0.0016613976225593897,0.001664222279622766,0.0016675652840450114,0.0016709165250765367,0.0016742644461193923,0.0016776141596576337,0.0016809587334585708,0.0016839753704540994,0.0016973307498716033,0.0017336113465590411,0.0017934688011663868,0.0018768711203468718,0.0019838096811036084,0.0021142677947483964,0.002268074456862661
3.670476104768635e-20,1.1648124980323033e-5,4.700027192589611e-5,0.00010585737206327721,0.00018825027637598576,0.0002941784523952743,0.00042365092017145295,0.0005766772574485954,0.0007411279270954273,0.000905695712872336,0.0010702616971970402,0.0012348280870908294,0.0013993924768732977,0.0015639604619668219,0.0017285753179003408,0.001877050422526569,0.001992039246322487,0.0020730987542944674,0.0021202397535363357,0.002133458026081002,0.002112735824278417,0.0020585414392731726,0.0019884850484736013,0.001918341022465261,0.0018482603729089182,0.0017782380018341887,0.0017082816095904546,0.0016383976583516679,0.0015685912150576085
3.670476104768635e-20,1.1648124230158503e-5,4.7000265565518954e-5,0.00010585733615226736,0.00018825024115512847,0.0002941802530159425,0.0004236607718719429,0.0005758596452438465,0.000738725323628397,0.0009013029684726455,0.0010638753423108693,0.001226449320797992,0.0013890220497974942,0.0015515997049735484,0.0017146294566499,0.0018786099275599523,0.002043234149747341,0.002207858464498847,0.002372466375858614,0.002537044547280856,0.002701578714603189,0.0028660795031563383,0.00303076819054807,0.0031954585604762886,0.003360148970271102,0.003524839362145087,0.0036895297493214937,0.0038542201950154432,0.004018911223007869
3.670476104768635e-20,-1.1648124202945135e-5,-4.700026545682782e-5,-0.00010585733842640073,-0.00018825011128762676,-0.0002941765814495046,-0.0004236292503626855,-0.0005772362892608547,-0.0007550005554880199,-0.0009568997933744735,-0.0011823069767776162,-0.0014312017215063653,-0.0017035657161852214,-0.0019993978791490773,-0.002317875495779826,-0.002647162930506526,-0.002976163778026972,-0.0033051594736840284,-0.0036341573583757425,-0.003963155119163159,-0.004292154936115951,-0.004621046810398969,-0.004938319877745443,-0.005231986836640716,-0.005502071859842822,-0.00574856953053295,-0.005971457923589832,-0.006170725079316483,-0.006346514707096271
3.670476104768635e-20,-1.6699310235625245e-5,-6.764637870893381e-5,-0.00015243154918864927,-0.00027111362948813855,-0.0004236957713120034,-0.0006101787155511936,-0.0008299351727047742,-0.0010707509306920602,-0.001322044443498577,-0.001584120761467348,-0.0018569837251262605,-0.002140626555367811,-0.0024350407279672298,-0.0027399637175144005,-0.003049510707956919,-0.003358832474740836,-0.003668150580661042,-0.003977469739570363,-0.004286788882534041,-0.004596111282997645,-0.004905729837499301,-0.005221508955648296,-0.005548274086496301,-0.005885832459881837,-0.0062341737056148434,-0.006593293590553435,-0.006963172478177492,-0.007343542663770475
3.670476104768635e-20,-1.8458541986565713e-17,-7.319930903194337e-17,-1.6495655958739424e-16,-2.940455829181065e-16,-4.605515675980984e-16,-6.6508519129511555e-16,-9.07602210502732e-16,-1.188801141764675e-15,-1.5108737754609128e-15,-1.8851683362395956e-15,-2.3809337788132794e-15,-3.5212291862183728e-15,-1.0372101616621196e-14,-7.064058316654159e-14,-5.285451986819885e-13,-2.628898457381309e-12,2.079386942027594e-12,1.9111947117276271e-10,1.725580754453969e-9,2.2363363473534151e-10,-1.9217029403511257e-7,4.421801249142908e-6,1.958075027787253e-5,4.555982708707621e-5,8.236215000872961e-5,0.00012998809092828534,0.0001884231584918083,0.000257403019342167
3.670476104768635e-20,-1.1737513991710394e-13,1.4900735977292945e-12,2.7671053775937782e-11,2.995380108692534e-10,2.27047104127186e-9,4.0250669861009804e-9,-6.386053398579424e-7,-2.2727174800967783e-6,-4.350057759447832e-6,-6.4322084519501095e-6,-8.513041184876073e-6,-1.0593608814533704e-5,-1.2671124536946425e-5,-1.4469892085973548e-5,-1.0251574782746098e-5,4.982082905809223e-6,3.1043981825938416e-5,6.792917096280327e-5,0.00011563811569163621,0.0001741701230092668,0.00024352413333348827,0.00032369887938949056,0.0004146928989765583,0.0005165045622359852,0.0006291322958360194,0.0007525750304107607,0.0008868171226983854,0.001031593396401198
3.670476104768635e-20,1.669931944996368e-5,6.76464169318993e-5,0.00015243160876555318,0.0002711132291499611,0.0004236914526205418,0.0006101779719186585,0.0008304223119541277,0.0010559825955137982,0.001258745531459249,0.0014379229014571395,0.0015935388264065196,0.001725578509185868,0.0018340034279286774,0.0019194768482380968,0.0019947460989297137,0.0020703443821010648,0.0021459478117050973,0.0022215489448901104,0.0022971497648753766,0.0023727505836734666,0.0024483523572642997,0.0025238180899736524,0.00259918922834388,0.0026744676466827107,0.00274964678883927,0.0028247199013090893,0.0028996803346393522,0.002974523113318873
3.670476104768635e-20,-4.4610149529377064e-13,-2.55873436309108e-12,2.1199384275601202e-12,1.9110968217653705e-10,1.7254960840300335e-9,2.2344461830127264e-10,-1.921706594519811e-7,4.421800203592969e-6,1.958074463748118e-5,4.555979666707841e-5,8.236207563511774e-5,0.0001299887369701538,0.00018843027906183772,0.00025737504782767656,0.0003471635538697846,0.00047023663170773795,0.0006272221958689936,0.0008180931293159927,0.0010428322843740396,0.0013014329831160997,0.0015932687800815375,0.001906191767024535,0.0022295756658202736,0.0025637236263295012,0.002908638247018553,0.0032643124694140963,0.0036307262817049327,0.004007612479797764
3.670476104768635e-20,-7.818032296715146e-13,-4.734573249137151e-12,9.62848427197681e-13,3.127743303119883e-10,2.908401797986682e-9,3.815927119914239e-10,-3.3006855852056586e-7,9.68547882348388e-6,4.2627290926455564e-5,9.91464942604435e-5,0.0001792109215060136,0.0002828100071830097,0.00040994232237616016,0.0005608716604854826,0.0007245874253404197,0.000889143162516542,0.0010536734566922194,0.00121820180341501,0.0013827311158714532,0.0015472769282607768,0.0017114184334434625,0.0018703294200042029,0.002018265375167687,0.0021553941495615907,0.0022817152065927634,0.002397223939844882,0.0025019315220131187,0.0025960995910565923
3.670476104768635e-20,2.963303261354754e-14,1.1853222804917015e-13,2.6669585763242363e-13,4.741148200881876e-13,7.407645903737263e-13,1.0665916429403452e-12,1.4516213698687313e-12,1.8964771442073927e-12,2.3999131000837777e-12,2.9615784336874966e-12,3.5809654816780513e-12,4.2569205688196485e-12,4.979358863432635e-12,5.643224174688734e-12,5.661405723016752e-12,2.643946494919387e-12,9.402602831684038e-12,3.223732166111238e-10,2.9192333492834216e-9,3.9372810191696445e-10,-3.3005510646911815e-7,9.685493281994178e-6,4.262730632583777e-5,9.914654870907563e-5,0.00017921150582397326,0.0002828138442305924,0.0004099371637786553,0.0005604107334266211
3.670476104768635e-20,8.169366243233657e-14,3.266983583397753e-13,7.350535396880416e-13,1.3066606495052626e-12,2.0418769181621196e-12,2.9485064771867213e-12,4.101281188098192e-12,6.127741730825789e-12,1.1393624447465358e-11,7.088520647636835e-12,-3.0323223529080876e-10,-2.8972559085926462e-9,-3.687368149032462e-10,3.300832645985197e-7,-9.685461843915479e-6,-4.262727051910457e-5,-9.914648913471854e-5,-0.00017921123636982264,-0.0002828125950880592,-0.0004099416061812778,-0.00056058725502357,-0.0007347364729082153,-0.0009323741525802845,-0.0011534831666653485,-0.0013980444996213497,-0.001666037517978597,-0.0019574315925632983,-0.002272042848999774
3.670476104768635e-20,5.278572596540275e-6,2.1541659694975858e-5,4.859314697154991e-5,8.646168099306534e-5,0.00013515389352229264,0.0001946608528367981,0.00026467092336217865,0.0003555236860830944,0.0004796606318631985,0.0006377096601025773,0.0008296433831812335,0.0010554434563058853,0.0013151076496856016,0.0016081941320173834,0.0019174250422190505,0.0022266012862340733,0.002535773728553629,0.0028449478160850927,0.0031541206191959825,0.003463296957295787,0.003772698852553051,0.004077466746801508,0.004371704080228964,0.004655147738395534,0.0049277891907386585,0.0051896224325223865,0.0054406564012515445,0.005681150565275971
3.670476104768635e-20,-5.2785732149317195e-6,-2.1541663422269763e-5,-4.859312883434007e-5,-8.646114468550434e-5,-0.0001351494023301376,-0.00019466053858830008,-0.0002651554598125771,-0.00034137742788094587,-0.0004180267737986642,-0.0004946461956075403,-0.0005712314791884905,-0.0006477760688770199,-0.0007242731271117673,-0.0008007148066241756,-0.000876971108175523,-0.0009532088051112746,-0.0010294463843897588,-0.001105684117998086,-0.0011819199811039314,-0.0012581307843934474,-0.0013352148096273352,-0.0014254117857020836,-0.0015394714387552714,-0.0016771079844791756,-0.0018383021466522001,-0.002023042197900386,-0.00223130497188974,-0.002462912844199083
3.670476104768635e-20,1.1648124203212181e-5,4.7000265457892996e-5,0.00010585733842879046,0.00018825011129186355,0.0002941765814561057,0.0004236292503721629,0.0005772362892737158,0.0007550005555047879,0.0009568997933956806,0.0011823069768038188,0.0014312017215381279,0.0017035657162217074,0.001999397879170895,0.0023178754957253116,0.0026471629283786554,0.0029761637609471195,0.003305159386263211,0.0036341572271063934,0.003963156725905534,0.004292153823633476,0.00462099891991919,0.004954783761569507,0.005299019138823861,0.005653990144890447,0.0060196941063591835,0.006396125397225921,0.006783263767053879,0.00718084245749926
3.670476104768635e-20,-1.1648124607310736e-5,-4.7000267317522444e-5,-0.00010585732008034955,-0.0001882498986199963,-0.0002941776107889532,-0.0004236614489043742,-0.0005761463312821351,-0.0007286312140103944,-0.0008581150551213067,-0.0009640427974908938,-0.0010464349726307088,-0.0011052826404057733,-0.0011405533483562586,-0.0011528985219545673,-0.0011549027604810377,-0.0011572349331400056,-0.001159572235281621,-0.0011619074380257314,-0.0011642436852678654,-0.0011665769095469119,-0.0011687191940797992,-0.0011756672734903903,-0.0011931616706041968,-0.0012214760355590464,-0.0012606134930640844,-0.0013105743990015214,-0.0013713442202753139,-0.001442658592806027
3.670476104768635e-20,-5.278574571653556e-6,-2.1541677344017683e-5,-4.8593224714459626e-5,-8.646159440223507e-5,-0.00013515041588187677,-0.00019466030021897355,-0.0002649076983138833,-0.000335152999199816,-0.00039465627520956977,-0.0004433337907517002,-0.0004811857590847747,-0.0005082102575584836,-0.0005244068106750565,-0.0005297751684836439,-0.0005243152414843483,-0.000508027120848386,-0.0004809110581977969,-0.0004429675307008928,-0.0003941984626771326,-0.00033460364245601677,-0.0002642668018049285,-0.00019392786756619617,-0.00013432644537379876,-8.554609693656362e-5,-4.7586893051598514e-5,-2.0451744553880018e-5,-4.127674259185163e-6,1.6485737347388393e-6
3.670476104768635e-20,1.1648123876896983e-5,4.7000261459373714e-5,0.00010585731161802191,0.00018825013912214845,0.0002941796422063184,0.00042365619846296103,0.0005763206720045561,0.0007455219736373825,0.0009254155888369938,0.0011161209702262654,0.0013176388353582367,0.0015299666639295136,0.0017530920585828618,0.001986700828284936,0.0022409743212025647,0.002528436740891153,0.002849714464888159,0.003204765699595676,0.003593557452674633,0.0040160716232064625,0.00447184281923818,0.0049433511602875535,0.005414898120779517,0.0058863331005766665,0.006357625623944575,0.006828731973420341,0.007299609862022836,0.007770221759172327
3.670476104768635e-20,5.27857281156599e-6,2.1541660682972584e-5,4.8593136525643906e-5,8.646146129960749e-5,0.0001351521005413366,0.00019465930180276173,0.00026483252556001364,0.0003509389521363044,0.0004603863613688013,0.0005933725572525151,0.0007498734651309125,0.000929876319708775,0.0011333930978147868,0.0013598092234498845,0.0015970393014869506,0.0018339441913943699,0.0020708440142407553,0.0023077457886902957,0.002544645611535966,0.0027815505014546025,0.003018780579682863,0.0032451967060104416,0.0034487134851232267,0.003628716321416141,0.003785217061812504,0.003918203508374625,0.004027671566349473,0.004113771864617046
3.670476104768635e-20,5.278574574154174e-6,2.1541677379383304e-5,4.8593224849917365e-5,8.646159457956914e-5,0.0001351504248708728,0.0001946603751666123,0.00026490798355451934,0.000335155590883542,0.0003946655350808223,0.00044335432578954874,0.0004812222109191316,0.000508268509885138,0.0005244917051330433,0.0005299783130407447,0.000535464929480912,0.0005516881419233931,0.0005787344238792263,0.0006166022403248595,0.0006652921340065803,0.0007248031991808637,0.0007951343038641341,0.0008762841543892629,0.0009682512698088431,0.0010710340024203185,0.0011846307611070438,0.0013090404586372742,0.0014442474370050288,0.0015899865561020048
3.670476104768635e-20,-7.731216947923283e-13,-4.699881367554791e-12,1.0408810348287817e-12,3.129130244037409e-10,2.9086184567928702e-9,3.8190460266955427e-10,-3.3006813419829295e-7,9.685479377119853e-6,4.2627291626430026e-5,9.914649512363143e-5,0.00017921092254897546,0.00028281000842155695,0.00040994232383149173,0.0005608716623022656,0.0007245874278916778,0.0008891431676578903,0.0010536734810650888,0.001218201935813714,0.00138273053977767,0.0015472591833477249,0.0017117878306094037,0.0018763164779717469,0.0020408451253208526,0.0022053737726743243,0.002369902420032975,0.002534431067395582,0.0026989597147603506,0.0028634883621264083
3.670476104768635e-20,-1.164812122181204e-5,-4.700025889476963e-5,-0.0001058573362445982,-0.00018825006906525744,-0.0002941785638155543,-0.0004236735755505339,-0.0005759398712232607,-0.0007228068714158179,-0.0008358896924586873,-0.0009150385690777021,-0.0009602712766715735,-0.0009715851729550492,-0.0009489696750715768,-0.000891975741049053,-0.0008166949777030724,-0.0007401230196043209,-0.0006635918388979205,-0.0005870634788240872,-0.0005105322829629478,-0.00043396029467847514,-0.00035867948624330434,-0.00030168549085193754,-0.00027906991284605163,-0.0002903837708940502,-0.0003356173317453621,-0.00041477127388817346,-0.0005278164756630598,-0.0006742996611739494
3.670476104768635e-20,-1.3683833588041558e-12,-9.154239032655914e-12,-2.1669519445946692e-11,2.0545075862348722e-10,2.0837385047711546e-9,-5.6605322545063195e-9,1.272371564215972e-7,1.6144530094849848e-5,6.562836919539893e-5,0.00014904674301863851,0.0002663757076090186,0.0004176047340451441,0.0006027369986346889,0.0008213048290118125,0.0010557229331687747,0.0012902404713009265,0.0015247068107365556,0.0017591122407623865,0.001993432909025135,0.0022276590465711587,0.002461642031209156,0.0026797065962198426,0.0028643351384715944,0.0030150605838232887,0.00313188554821329,0.003214798098361012,0.0032638132551852327,0.003279370467240887
3.670476104768635e-20,1.1648124194293556e-5,4.7000265422216436e-5,0.00010585733834848551,0.00018825011114892562,0.0002941765812321285,0.00042362925005303304,0.0005772362889153143,0.0007550005555175637,0.000956899794868419,0.0011823069611315502,0.0014312013843837989,0.0017035631082007773,0.001999398643143857,0.0023181609733293617,0.0026369233028640288,0.0029327588300322558,0.0032051205438763278,0.003454014812015833,0.00367941838497915,0.0038812898401037106,0.004060473521667427,0.004229356719466797,0.004398528550593147,0.0045677055004476564,0.0047368803625292425,0.0049060549169237955,0.005075229506494341,0.005244404434968323
3.670476104768635e-20,5.278574123735459e-6,2.1541674675864478e-5,4.859322598521045e-5,8.64617836886412e-5,0.00013515215490599828,0.00019466059406193388,0.0002647147614037621,0.0003395356192691509,0.00041415713978738817,0.0004887754720483791,0.0005633948363326812,0.0006380123192691235,0.0007126349908371795,0.0007875461971035724,0.0008518749691877651,0.0008934658974653598,0.0009114826227561691,0.0009059459256747967,0.0008768579593697261,0.0008241915894756318,0.0007485051936258888,0.0006728187973743492,0.0006201524241388145,0.0005910645027150837,0.0005855281517302209,0.0006035442606669107,0.0006451041838118162,0.0007100443333460872
3.670476104768635e-20,1.1648124971368367e-5,4.700027189009117e-5,0.00010585737198290281,0.00018825027623435285,0.0002941784521782098,0.0004236509198458356,0.000576677256830835,0.0007411279238868177,0.0009056956933146858,0.0010702616025976227,0.001234827777147747,0.001399392456521765,0.0015639604068759655,0.001728738045424204,0.0018887922147580187,0.002038289670599496,0.0021769611790904346,0.002304800737033857,0.0024218041994502775,0.0025279780607512974,0.0026236304299489064,0.002698293452902851,0.0027396458946648597,0.0027470604734455488,0.0027205493912334775,0.0026601146942129765,0.002565784422563363,0.0024380103489935055
3.670476104768635e-20,1.164812439313013e-5,4.7000268892721597e-5,0.00010585737502931935,0.00018825043508713835,0.00029417887782863983,0.00042363400301324134,0.0005766045726533876,0.0007530773096572078,0.0009530369049748398,0.0011764660012375456,0.0014233450746632384,0.0016936527487912733,0.0019873836371816973,0.0023045619493028825,0.002633283067568566,0.00296211128286864,0.0032909374631171187,0.0036197638862151306,0.003948588820090218,0.004277417323272101,0.004606474290908787,0.0049308905331888996,0.005244738340166726,0.005547754350201072,0.005839929677221251,0.006121257957064933,0.006391747827507292,0.006651659420027591
3.670476104768635e-20,2.2506919694935054e-13,7.075552542567433e-14,-1.4996779549623814e-11,-1.1255915330472419e-10,6.232370374182561e-10,1.718661125752171e-8,-4.207449002599375e-7,-6.5665835144460874e-6,-2.3708244265010624e-5,-5.167372589473344e-5,-9.046007908723216e-5,-0.00014006676880239587,-0.00020049621753294184,-0.00027190934163638425,-0.0003490486078205816,-0.00042661490390078996,-0.0005041509039862168,-0.0005816520895362869,-0.0006591103567421835,-0.0007365207775944472,-0.0008145279275096228,-0.0008935221561968128,-0.000972955159702694,-0.0010523928351204666,-0.0011318289297514762,-0.001211264574277048,-0.0012907001685651136,-0.0013701359124409255
3.670476104768635e-20,5.27857361005091e-6,2.154166538169042e-5,4.8593134774062496e-5,8.646114748964071e-5,0.00013514923354801897,0.00019465915313640776,0.0002651610631012271,0.00034115220654286257,0.0004175747804361269,0.0004939812242333314,0.0005703868401138602,0.0006467925377451548,0.0007231985349544007,0.0007996233485392203,0.0008762254958196175,0.0009528276979753284,0.0010294298580516153,0.0011060320035575135,0.0011826341494381738,0.0012592364400646568,0.0013358475997515223,0.001412536265738882,0.0014892251621097235,0.0015659140718881535,0.001642602978927342,0.0017192918847417386,0.0017959808179092757,0.0018726700222387058
3.670476104768635e-20,1.4511933140992177e-17,7.809838635475376e-17,3.655422904891224e-16,1.8530938045780044e-15,7.85094349965054e-15,1.3496245912724512e-14,-2.962439684084023e-14,-2.286749930535782e-13,-3.998376436063909e-12,5.25608031067358e-12,9.520683275221597e-11,-6.499362886223814e-10,-1.7224343279134125e-8,4.2069250537240854e-7,6.566518504490538e-6,2.3708175356551515e-5,5.16737280905458e-5,9.046060829054402e-5,0.00014006941283902142,0.0002004962359312653,0.0002714687674113058,0.00034718715926743805,0.0004227052133878257,0.0004982145851034221,0.0005737130711299547,0.0006491927425913162,0.0007246466781006571,0.0008000687132965377
3.670476104768635e-20,-9.0711391351614e-13,3.586174746970728e-13,5.341270828996486e-11,3.39308558111569e-10,-1.973355649453356e-9,-4.479862872776891e-8,1.2201466844090865e-6,2.0928461639726016e-5,7.501573213562427e-5,0.00016302573251413682,0.0002849408880164306,0.0004407502790388245,0.0006304495997788534,0.0008544715997005839,0.0010964102948759805,0.0013396019917202493,0.001582752518986183,0.0018259003736483578,0.002069049274661034,0.00231221500335111,0.002555000029195943,0.0027927779767295533,0.003019581816516232,0.0032355775777551158,0.0034407632850028194,0.003635132904427154,0.0038186962049185703,0.003991713772280586
3.670476104768635e-20,1.6699319017467974e-5,6.764641440144591e-5,0.0001524316201638189,0.00027111356707660786,0.0004236943030018183,0.0006101791239964737,0.0008301257808497519,0.0010662182628663963,0.001302260213242793,0.0015382984225395578,0.0017743381602067334,0.002010375893718086,0.0022464187922931716,0.0024827496978787156,0.0027083279731154766,0.0029111709475197647,0.003090448801738281,0.0032461681445413383,0.00337831577362336,0.00348686503457293,0.0035724801593512074,0.0036478095668473296,0.0037233763748814176,0.0037988694836430664,0.003874273287705819,0.003949582689330443,0.00402479129340031,0.0040998939631857224
3.670476104768635e-20,-1.6699320590491044e-5,-6.764642655383904e-5,-0.00015243166623430917,-0.00027111347869677505,-0.0004236924989612725,-0.0006101899175311475,-0.0008302236973780054,-0.001050257478387316,-0.0012367549054912942,-0.001389333958309709,-0.0015080149864258325,-0.0015927859185658037,-0.0016436210672622065,-0.0016609628455727824,-0.0016622009114938639,-0.0016634760858561905,-0.0016647548102283938,-0.0016660318335793135,-0.0016673083414636795,-0.0016685865715177458,-0.001669738320389899,-0.0016596327973816243,-0.0016259707331879461,-0.001568747178813946,-0.0014879842353151271,-0.0013836883618872462,-0.0012558759045585926,-0.0011047176267292296
3.670476104768635e-20,-5.278573650139122e-6,-2.154167207197723e-5,-4.859322849269331e-5,-8.646197609827234e-5,-0.00013515387138286202,-0.0001946607803577703,-0.000264523370157889,-0.00034399722121522796,-0.0004338205285686803,-0.0005344582587631992,-0.0006459165335314629,-0.0007681921756000108,-0.0009012793862187269,-0.0010449086493030397,-0.001193263500780819,-0.0013414107856376904,-0.0014895548332475254,-0.0016377003750024006,-0.001785845648456198,-0.0019339927662439325,-0.002082021648921017,-0.0022186262584635145,-0.0023316416956842647,-0.002421076060202955,-0.002486939130746163,-0.0025292246489513723,-0.0025479362828783945,-0.0025432327472006628
3.670476104768635e-20,1.0897447212820904e-13,3.730489452012878e-12,4.649915666901771e-11,2.365401163387899e-10,-1.439741854819105e-9,-2.828096468937659e-8,8.072132940787941e-7,1.4646837686237484e-5,5.2318402116389384e-5,0.00011354319274177291,0.00019830840009690603,0.0003066106751049494,0.00043847142185881157,0.0005927912505192702,0.0007519181432940411,0.0008997278976363784,0.0010366991052224838,0.001162839745623145,0.0012781444795157803,0.0013826140260387247,0.00147652596410595,0.0015655785361244493,0.0016548681797349774,0.0017442133179312634,0.0018336016204431808,0.001923026206371102,0.0020124792238964294,0.002101952611615597
3.670476104768635e-20,8.045683621652847e-18,6.139950605358513e-17,3.9361585163373353e-16,2.2830042307330106e-15,9.273090775846113e-15,4.812755377708727e-15,-1.0020725901861108e-13,-1.1567519414575095e-12,-5.645135646497678e-12,2.5887153411728586e-11,2.0169038151006876e-10,-1.491751762023151e-9,-2.8353038932754943e-8,8.071150005255964e-7,1.464671090586176e-5,5.2318237932120664e-5,0.00011354292803372181,0.00019830765240047384,0.00030660706797584986,0.00043845435515990427,0.0005936503523689102,0.00076023230968084,0.0009271398335613801,0.0010940350238186967,0.0012609098916702562,0.0014277491953888744,0.0015945379604989944,0.0017612625034330515
3.670476104768635e-20,-1.1648124705277943e-5,-4.7000269391222224e-5,-0.00010585736114610465,-0.00018825036212890493,-0.00029418066614344494,-0.0004236670233200316,-0.0005760827901197858,-0.0007391758254799486,-0.0009019425050537977,-0.00106470410157687,-0.0012274679625211826,-0.0013902321297448513,-0.0015529962775287368,-0.0017157599331299993,-0.001878359088519876,-0.0020409394185338077,-0.002203519447865364,-0.0023660996570190273,-0.002528681216065531,-0.002691260039871043,-0.0028536669496740832,-0.003020952203441385,-0.003198749073725298,-0.0033873379715840253,-0.0035867191571986347,-0.0037968900389653212,-0.004017833261291517,-0.004249282958849011
3.670476104768635e-20,1.1648125686591874e-5,4.700027675379407e-5,0.00010585737642964342,0.00018825014050643436,0.0002941786754410544,0.0004236737362657955,0.0005759400898226153,0.0007228071549954651,0.0008358900415570449,0.0009150389501430328,0.0009602712467222108,0.0009715810008444739,0.000948950361372392,0.0008928472601296479,0.0008208461783337046,0.0007486816307592189,0.0006765035575930653,0.0006043069055376532,0.0005320984207517529,0.0004598891282731116,0.0003878627501637448,0.00031097283470542134,0.00022354226591766516,0.0001252935697992248,1.6224950293870774e-5,-0.00010366263566972946,-0.00023435341052850772,-0.0003755821060112343
3.670476104768635e-20,-5.278573197505952e-6,-2.1541663185721348e-5,-4.8593140674833646e-5,-8.64613656898845e-5,-0.00013515119988163367,-0.00019466214912977481,-0.00026499311174258154,-0.00034614279590235603,-0.00043810972021673375,-0.0005408921969377685,-0.0006544881726738547,-0.0007788944383933142,-0.0009141131760705265,-0.0010603281665088787,-0.0012124728038159988,-0.0013648869198698555,-0.0015173038631856029,-0.0016697206194374937,-0.0018221371310420482,-0.001974553842174764,-0.002126987738619905,-0.002279421633023397,-0.0024318383286650366,-0.0025842547590664094,-0.002736671178181833,-0.002889087598344615,-0.003041504065835954,-0.003193920837571961
3.670476104768635e-20,5.278574963458912e-6,2.154167953151919e-5,4.8593224563908085e-5,8.646147078968229e-5,0.00013514929526808295,0.0001946605055417458,0.00026504409367120516,0.00032976699309898656,0.0003713607166994395,0.00038937153555094816,0.0003838297249960754,0.00035473477363424927,0.0003020670143405614,0.00022666235117797947,0.00014066391843825163,5.495397675552461e-5,-3.075078053598098e-5,-0.00011645760039104606,-0.00020216472811139245,-0.000287871873243094,-0.0003735790171498093,-0.0004592861606333078,-0.0005449933040494432,-0.0006307004474972161,-0.0007164075912634117,-0.0008021147377719873,-0.0008878219113407012,-0.0009735292560612417
3.670476104768635e-20,2.0953336360545378e-17,8.259512561656555e-17,1.8347570673963954e-16,3.214499879624756e-16,4.943484889202849e-16,6.992653543480086e-16,9.336134646201337e-16,1.1946947970116705e-15,1.4772598005701302e-15,1.7704648376356007e-15,2.0204435234783385e-15,1.7202992619315605e-15,-5.3707054008322665e-15,-8.427965194257623e-14,-7.102165636020189e-13,-3.382934518845504e-12,7.821839436497675e-12,3.165532657498852e-10,2.6018813756957136e-9,-1.9710175818456133e-9,-3.18025575391576e-7,9.659389966302528e-6,4.254193770078238e-5,9.89947719991334e-5,0.00017899794365357777,0.0002825435575314708,0.00040961510510753287,0.000560041799086072
3.670476104768635e-20,5.278573196261277e-6,2.154166318074571e-5,4.859314066362725e-5,8.646136566986549e-5,0.00013515119984988406,0.000194662149082691,0.0002649931116771866,0.0003461427958091577,0.00043810971986208113,0.0005408921941314764,0.0006544881509190499,0.0007788941975981105,0.0009141103157148558,0.0010603047291699718,0.0012117673028847387,0.0013636381149985104,0.0015154925608986808,0.001667346414912293,0.001819197750297006,0.0019710090810106363,0.0021241592995141956,0.002296038402317052,0.002502250686506302,0.0027423264205594824,0.0030162353597042745,0.00332395765788718,0.003665443807600047,0.004040222542695069
3.670476104768635e-20,1.1648124607329364e-5,4.700026731758344e-5,0.00010585732008036803,0.00018824989861909277,0.00029417761078233043,0.00042366144888534896,0.00057614633141293,0.0007286312137621669,0.0008581150542478748,0.0009640427670088983,0.0010464347719701319,0.0011052825619462052,0.0011405654396513792,0.0011529485940250388,0.0011550463072594625,0.0011574623585753024,0.0011598918719392464,0.0011623257940399216,0.001164765585973111,0.0011672113208621828,0.0011696629975555598,0.0011721203944404276,0.001174577715511751,0.0011770350355818297,0.0011794923560914656,0.0011819496766268384,0.0011844069980386095,0.0011868643281378413
3.670476104768635e-20,-5.278574113697747e-6,-2.1541674641754438e-5,-4.859322586122079e-5,-8.64617839060659e-5,-0.0001351521720136853,-0.0001946606980567588,-0.0002647149921709128,-0.00033951587894345803,-0.0004141164539121936,-0.0004887083223100746,-0.0005632893618424671,-0.0006378517264425729,-0.0007123885412943957,-0.0007868931027553636,-0.0008613587192171792,-0.0009357786989890236,-0.0010101463504953365,-0.0010844550614202706,-0.0011586984305919314,-0.0012328630440252536,-0.0013072864394008952,-0.0013928872681367149,-0.0015018683037551755,-0.0016344524578303344,-0.0017906066054579207,-0.0019703174426336134,-0.0021735622539465235,-0.002400163798759215
